hostname,n_planets,avg_radius,avg_mass,first_year,last_year
KOI-351,8,3.9,31.15,2013,2017
TRAPPIST-1,7,0.98,0.92,2016,2017
K2-138,6,2.58,6.04,2017,2021
TOI-1136,6,3.05,6.59,2022,2022
Kepler-20,6,2.29,9.39,2011,2016
TOI-178,6,2.22,4.05,2021,2021
HD 191939,6,6.59,176.97,2020,2022
HD 219134,6,3.67,25.24,2015,2015
Kepler-11,6,2.97,7.85,2010,2010
HIP 41378,6,4.18,8.5,2016,2025
HD 34445,6,8.86,86.69,2009,2017
HD 10180,6,6.68,1587.7,2010,2010
HD 110067,6,2.43,6.31,2023,2023
Kepler-80,6,1.81,747.39,2012,2017
Kepler-48,5,6.77,196.41,2012,2023
Kepler-62,5,1.36,19.6,2013,2013
HD 23472,5,1.32,2.75,2019,2022
L 98-59,5,1.35,1.94,2019,2025
Kepler-296,5,1.81,3.95,2014,2014
Kepler-154,5,2.41,6.91,2014,2016
Kepler-292,5,2.01,4.88,2014,2014
Kepler-169,5,1.67,3.64,2014,2014
Kepler-84,5,2.15,15.09,2012,2014
HD 134606,5,3.5,14.63,2024,2024
Kepler-139,5,5.68,87.2,2014,2025
Kepler-186,5,1.23,1.95,2014,2014
TOI-5624,5,3.06,8.2,2026,2026
GJ 667 C,5,1.78,3.9,2012,2013
Kepler-33,5,3.75,4.63,2011,2011
K2-384,5,1.45,2.71,2022,2022
Kepler-444,5,0.54,0.15,2015,2015
K2-268,5,1.85,4.26,2018,2021
Kepler-82,5,3.7,237.21,2012,2019
55 Cnc,5,8.98,320.75,1996,2007
Kepler-32,5,1.84,495.02,2011,2012
Kepler-122,5,2.95,20.85,2014,2014
HD 158259,5,2.08,5.09,2020,2020
Kepler-102,5,1.04,2.96,2013,2014
Kepler-150,5,2.9,9.26,2014,2017
HD 108236,5,2.26,5.92,2020,2021
Kepler-55,5,1.87,24.42,2012,2014
Kepler-238,5,2.96,732.77,2013,2014
HD 40307,5,2.34,969.04,2009,2013
TOI-4010,4,7.11,190.36,2023,2023
HD 20794,4,1.95,4.52,2011,2025
Kepler-24,4,2.33,85.33,2011,2014
Kepler-306,4,2.15,5.37,2014,2014
Kepler-68,4,7.11,90.69,2013,2023
Kepler-265,4,2.39,6.38,2014,2014
Kepler-251,4,2.41,6.66,2014,2014
KOI-94,4,5.97,41.78,2013,2013
HD 160691,4,3.23,1250.1,2000,2006
Kepler-286,4,1.43,2.66,2014,2014
Kepler-758,4,1.95,4.58,2016,2016
Kepler-304,4,2.24,5.94,2014,2016
TOI-1203,4,3.49,14.62,2021,2025
HD 215152,4,,695.01,2018,2018
GJ 876,4,8.43,242.91,1998,2010
Kepler-26,4,2.25,4.74,2011,2014
V1298 Tau,4,7.8,9.78,2019,2019
Barnard's star,4,0.7,0.27,2024,2025
Kepler-282,4,1.94,30.02,2013,2014
Kepler-289,4,4.92,45.9,2014,2025
Kepler-58,4,2.55,232.91,2012,2023
Kepler-65,4,4.86,67.99,2012,2019
Kepler-245,4,2.38,500.36,2014,2016
Kepler-256,4,2.14,5.31,2014,2014
GJ 676 A,4,7.34,1534.87,2010,2016
Kepler-279,4,3.79,1080.96,2013,2025
Kepler-411,4,3.36,19.5,2013,2018
Kepler-1542,4,0.76,0.38,2016,2016
Kepler-341,4,1.68,3.5,2014,2014
Kepler-338,4,2.34,13.61,2014,2014
WASP-47,4,6.11,211.38,2012,2015
Kepler-342,4,1.9,4.39,2014,2016
TOI-500,4,3.4,13.66,2022,2022
GJ 887,4,1.92,4.49,2020,2026
AU Mic,4,3.37,11.4,2020,2025
Kepler-37,4,0.87,3.05,2013,2014
Kepler-132,4,1.31,2.22,2014,2016
Kepler-138,4,1.11,1.23,2014,2022
HD 3167,4,2.36,7.21,2016,2022
TOI-561,4,2.35,8.42,2020,2020
Kepler-49,4,2.05,63.79,2012,2014
Kepler-215,4,1.88,8.59,2014,2014
DMPP-1,4,2.86,9.15,2019,2019
Kepler-107,4,1.72,8.9,2014,2014
LHS 1903,4,1.92,4.89,2026,2026
Kepler-1987,4,1.79,4.07,2023,2023
Kepler-402,4,1.4,2.56,2014,2014
Kepler-79,4,4.46,6.73,2012,2014
TOI-700,4,1.39,2.51,2020,2023
Kepler-51,4,7.0,4.78,2012,2024
Kepler-100,4,2.61,9.55,2014,2023
K2-72,4,1.14,1.54,2016,2016
Kepler-176,4,2.0,73.53,2014,2016
GJ 3293,4,3.59,13.88,2015,2017
K2-285,4,2.64,10.64,2018,2018
K2-32,4,3.28,7.98,2016,2019
Kepler-164,4,2.71,8.44,2014,2023
Kepler-197,4,1.1,2.25,2014,2014
Kepler-208,4,1.43,2.62,2014,2014
K2-187,4,1.73,3.76,2018,2018
Kepler-106,4,1.71,8.75,2014,2014
Kepler-305,4,2.86,6.64,2013,2020
HD 164922,4,5.51,35.88,2005,2021
Kepler-167,4,3.7,82.53,2014,2016
Kepler-85,4,1.56,3.32,2012,2014
K2-133,4,1.67,3.47,2017,2019
Kepler-299,4,1.93,4.52,2014,2014
Kepler-220,4,1.17,1.7,2014,2014
Kepler-172,4,2.55,7.1,2014,2014
TOI-5789,4,2.36,5.76,2026,2026
TOI-2076,4,2.68,6.48,2021,2025
HD 20781,4,2.62,7.98,2019,2019
Kepler-324,4,1.86,664.46,2014,2021
Kepler-223,4,4.07,6.32,2014,2014
K2-266,4,2.42,8.69,2018,2018
Kepler-235,4,1.95,4.55,2014,2014
Kepler-221,4,2.5,6.68,2014,2014
HR 8799,4,13.03,2794.58,2008,2010
Kepler-224,4,2.19,5.72,2014,2014
HD 141399,4,13.93,287.72,2014,2014
Kepler-1388,4,2.54,7.03,2016,2016
TOI-1246,4,3.1,9.28,2022,2022
Kepler-226,3,1.68,23.73,2014,2014
Kepler-228,3,2.76,8.7,2014,2014
Kepler-184,3,2.27,7.24,2014,2014
Kepler-363,3,1.63,24.3,2014,2014
Kepler-403,3,1.47,2.8,2014,2016
Kepler-334,3,1.32,2.22,2014,2014
HD 28471,3,2.02,4.78,2025,2025
HD 31527,3,3.51,12.15,2019,2019
HD 48948,3,2.63,7.58,2024,2024
Kepler-52,3,1.96,89.76,2012,2014
47 UMa,3,13.63,498.97,1996,2009
YZ Cet,3,1.0,0.98,2017,2017
GJ 1061,3,1.13,1.53,2020,2020
Kepler-10,3,2.44,8.84,2011,2023
Kepler-25,3,5.99,31.93,2011,2014
Kepler-281,3,4.69,379.71,2014,2021
K2-19,3,4.05,16.0,2015,2016
Kepler-295,3,1.25,2.04,2014,2014
Kepler-381,3,1.06,1.21,2014,2021
Kepler-619,3,3.01,9.93,2016,2023
TOI-7510,3,9.55,113.03,2025,2025
Kepler-129,3,5.84,900.33,2014,2021
Kepler-763,3,1.44,2.67,2016,2023
Kepler-487,3,5.63,7.89,2016,2021
Kepler-450,3,3.2,16.5,2015,2015
2MASS J19383260+4603591,3,13.47,558.32,2015,2022
Kepler-1530,3,2.19,5.83,2016,2021
Kepler-331,3,1.77,3.78,2014,2014
Kepler-203,3,2.16,263.64,2014,2014
Kepler-339,3,1.25,8.2,2014,2014
CoRoT-7,3,2.94,9.87,2009,2022
Kepler-354,3,1.46,2.79,2014,2014
Kepler-374,3,1.15,1.57,2014,2014
Kepler-130,3,1.85,4.37,2014,2014
Kepler-244,3,2.37,9.37,2014,2014
Kepler-247,3,3.22,11.24,2014,2014
HD 181433,3,13.2,1591.26,2008,2008
K2-58,3,2.0,4.83,2016,2016
GJ 180,3,2.5,6.82,2014,2020
LP 791-18,3,1.58,3.34,2019,2023
Kepler-1073,3,1.81,4.02,2016,2021
Kepler-398,3,0.94,0.79,2014,2016
HD 73344,3,9.86,313.16,2024,2025
Kepler-399,3,1.43,2.57,2014,2014
K2-165,3,1.83,4.23,2018,2018
Kepler-616,3,2.83,8.5,2016,2021
K2-16,3,1.86,4.27,2015,2019
K2-183,3,1.9,4.39,2018,2018
HD 33142,3,12.31,248.97,2011,2022
K2-37,3,2.04,7.13,2016,2016
HD 28109,3,3.31,7.07,2022,2022
HD 39194,3,2.25,5.76,2021,2021
GJ 163,3,3.89,15.6,2013,2013
EPIC 249893012,3,3.19,11.2,2020,2020
K2-155,3,2.1,5.14,2018,2018
K2-157,3,4.06,18.41,2018,2025
Kepler-968,3,2.09,6.39,2016,2021
Kepler-352,3,0.97,1.03,2014,2021
Kepler-271,3,0.95,1.02,2014,2016
Kepler-1669,3,1.97,4.8,2020,2023
Kepler-416,3,2.15,22.52,2014,2023
Kepler-60,3,1.87,4.07,2012,2012
Kepler-1321,3,3.32,11.75,2016,2021
Kepler-149,3,3.26,11.54,2014,2014
Kepler-166,3,2.13,5.22,2014,2016
Kepler-290,3,1.94,4.67,2014,2023
GJ 357,3,1.73,3.78,2019,2019
Kepler-219,3,3.11,13.54,2014,2014
K2-219,3,1.79,4.07,2018,2018
DMPP-2,3,11.35,105.02,2019,2026
GJ 9827,3,1.52,3.05,2017,2017
HR 858,3,1.99,4.82,2019,2019
XO-2 S,3,12.5,566.79,2014,2024
GJ 3138,3,2.1,5.49,2017,2017
Kepler-1311,3,4.04,23.85,2016,2021
Kepler-198,3,2.27,5.99,2014,2016
TOI-201,3,7.73,1719.93,2021,2026
Kepler-47,3,4.91,8.09,2012,2019
TOI-431,3,2.02,5.27,2021,2021
TOI-1266,3,2.08,3.77,2020,2025
HD 22946,3,2.1,16.67,2022,2023
KOI-142,3,10.18,396.25,2013,2020
TOI-1260,3,2.76,11.2,2021,2022
Kepler-549,3,3.23,12.1,2016,2023
Kepler-27,3,3.87,2429.65,2011,2021
Kepler-319,3,2.18,5.52,2014,2014
Kepler-272,3,1.82,60.5,2014,2014
Kepler-207,3,2.13,5.65,2014,2014
Kepler-158,3,1.48,3.15,2014,2024
EPIC 206024342,3,1.9,4.45,2019,2021
Kepler-254,3,2.84,8.1,2014,2014
Kepler-250,3,1.86,4.24,2014,2014
Kepler-54,3,1.62,4.59,2012,2014
Kepler-194,3,2.17,5.49,2014,2014
Kepler-222,3,3.83,14.23,2014,2014
Kepler-301,3,1.48,2.83,2014,2014
Kepler-394,3,1.59,3.15,2014,2021
Kepler-9,3,6.0,27.24,2010,2010
Kepler-114,3,1.8,2.6,2013,2014
K2-233,3,1.65,5.77,2018,2018
Kepler-454,3,9.52,724.33,2015,2023
Kepler-372,3,1.71,3.65,2014,2014
Kepler-53,3,2.73,61.4,2012,2014
K2-198,3,2.68,8.48,2018,2019
Kepler-253,3,2.48,7.0,2014,2014
Kepler-249,3,1.39,2.43,2014,2014
Kepler-357,3,2.65,7.75,2014,2014
Kepler-191,3,1.83,4.1,2014,2016
HD 153557,3,7.01,2921.16,2022,2022
61 Vir,3,3.89,15.4,2009,2009
Kepler-255,3,1.95,4.85,2014,2016
HD 69830,3,3.69,13.37,2006,2006
Kepler-18,3,4.82,13.53,2011,2011
Kepler-326,3,1.38,22.97,2014,2014
KOI-7892,3,3.16,10.45,2015,2021
Kepler-1130,3,0.75,0.35,2016,2021
ups And,3,12.93,2639.84,1996,1999
GJ 433,3,3.58,14.56,2013,2020
Kepler-603,3,3.49,14.77,2016,2016
TOI-663,3,2.15,4.43,2024,2024
Kepler-56,3,9.7,662.37,2012,2016
HD 136352,3,2.38,8.26,2019,2019
KIC 10001893,3,,,2014,2014
Kepler-196,3,2.27,5.83,2014,2021
Kepler-142,3,2.34,6.16,2014,2014
HD 176986,3,2.49,1197.5,2017,2026
HD 125612,3,9.99,1080.72,2007,2009
HD 11506,3,13.07,1915.45,2007,2022
Kepler-92,3,2.73,27.42,2013,2015
Kepler-217,3,1.8,3.99,2014,2016
Kepler-30,3,8.33,224.8,2012,2012
Kepler-1468,3,2.07,5.45,2016,2021
Kepler-267,3,2.13,16.28,2014,2014
Kepler-104,3,3.27,10.76,2014,2014
Kepler-42,3,0.69,20.47,2011,2011
Kepler-445,3,1.78,4.02,2015,2015
rho CrB,3,7.04,126.38,1997,2023
Kepler-148,3,4.69,24.26,2014,2016
WASP-132,3,8.25,594.1,2016,2024
TOI-712,3,2.41,6.43,2022,2022
HD 142,3,12.0,1934.62,2001,2022
HD 96700,3,2.74,8.37,2021,2021
HIP 14810,3,13.57,614.47,2005,2009
Kepler-350,3,2.58,12.63,2013,2014
Kepler-401,3,2.04,4.87,2014,2016
K2-148,3,1.57,3.1,2018,2018
TOI-1117,3,2.88,9.46,2025,2025
LHS 1678,3,0.87,0.89,2021,2024
Kepler-19,3,3.65,13.9,2011,2017
Kepler-206,3,1.39,2.49,2014,2014
PSR B1257+12,3,1.35,2.74,1992,1994
Kepler-83,3,2.38,3.02,2012,2014
Kepler-178,3,3.24,10.73,2014,2014
Kepler-192,3,2.18,5.73,2014,2016
Kepler-385,3,2.8,11.12,2014,2020
Kepler-431,3,0.85,0.67,2015,2015
Kepler-46,3,8.07,676.61,2012,2014
HD 224018,3,1.91,6.23,2025,2025
Kepler-336,3,1.83,4.1,2014,2014
TOI-125,3,2.81,9.91,2019,2020
K2-3,3,1.71,3.33,2015,2015
Kepler-310,3,2.35,6.74,2014,2014
K2-381,3,1.59,3.14,2022,2022
Kepler-332,3,1.15,1.6,2014,2014
GJ 3998,3,2.08,5.13,2016,2025
HIP 57274,3,14.2,1218.95,2011,2011
HD 184010,3,12.73,112.3,2022,2022
HD 27894,3,11.68,770.63,2005,2017
K2-239,3,1.07,1.24,2018,2018
Kepler-126,3,1.87,20.0,2014,2014
Kepler-127,3,2.23,5.85,2014,2014
Kepler-1254,3,1.39,2.51,2016,2016
TOI-375,3,12.59,450.57,2026,2026
Kepler-218,3,2.43,6.78,2014,2016
Kepler-157,3,1.67,3.56,2014,2016
TOI-270,3,1.87,3.96,2019,2019
Kepler-174,3,1.88,4.25,2014,2014
Kepler-325,3,2.75,8.0,2014,2014
Kepler-298,3,2.13,5.23,2014,2014
Kepler-276,3,2.86,254.7,2013,2014
HD 39091,3,6.01,1499.46,2001,2022
Kepler-770,3,1.63,3.44,2016,2016
Kepler-288,3,2.4,6.51,2014,2014
Kepler-31,3,4.9,1230.56,2011,2014
TOI-2141,3,3.16,13.71,2023,2025
Kepler-327,3,1.29,8.45,2014,2014
Kepler-347,3,2.25,5.91,2014,2023
Kepler-351,3,2.99,7.92,2014,2016
Kepler-257,3,4.32,18.07,2014,2014
Kepler-311,3,1.73,3.67,2014,2023
Kepler-23,3,2.28,4.94,2011,2014
Teegarden's Star,3,1.01,1.01,2019,2024
Kepler-229,3,3.66,13.73,2014,2014
Kepler-446,3,1.32,2.22,2015,2015
Kepler-171,3,2.26,5.8,2014,2014
tau Cet,3,1.39,2.5,2017,2017
HD 63433,3,1.97,12.85,2020,2023
HD 204313,3,9.8,2117.37,2010,2022
HD 37124,3,14.03,214.32,2002,2005
HD 7924,3,,1796.37,2008,2015
TOI-4504,3,9.13,551.76,2024,2024
Kepler-81,3,2.0,7.81,2012,2014
K2-136,3,1.86,8.47,2017,2017
TOI-469,3,2.17,6.25,2021,2023
GJ 581,3,2.89,9.93,2005,2009
Kepler-529,3,2.22,5.67,2016,2021
Kepler-275,3,3.02,9.53,2014,2014
GJ 367,3,1.63,3.6,2021,2023
Kepler-124,3,1.2,1.81,2014,2014
Kepler-359,3,3.95,5.93,2014,2014
Wolf 1061,3,1.85,4.34,2015,2015
K2-80,3,2.01,4.83,2016,2018
K2-352,3,1.84,4.13,2021,2021
TOI-451,3,2.9,6.2,2020,2020
Kepler-160,3,2.74,39.06,2014,2020
HD 93385,3,2.44,6.67,2021,2021
TOI-1749,3,2.01,28.67,2021,2021
K2-368,3,1.55,3.07,2022,2022
TOI-1272,2,4.54,24.35,2022,2022
TYC 1422-614-1,2,12.9,1986.25,2014,2014
Kepler-1016,2,2.93,9.24,2016,2016
HD 147018,2,13.05,1377.0,2009,2009
Kepler-1086,2,2.69,7.75,2016,2016
HD 109833,2,2.74,7.96,2022,2022
Kepler-110,2,2.02,4.76,2014,2014
bet Pic,2,15.5,3475.14,2008,2019
K2-99,2,12.24,1473.13,2016,2022
Kepler-712,2,4.13,16.25,2016,2016
Kepler-495,2,3.22,12.89,2016,2021
Kepler-135,2,1.49,2.79,2014,2014
Kepler-348,2,1.43,2.63,2014,2014
Kepler-185,2,1.6,3.23,2014,2014
Kepler-1656,2,9.29,87.1,2018,2022
Kepler-1996,2,2.54,7.02,2023,2023
Kepler-202,2,1.74,3.69,2014,2014
Kepler-225,2,1.52,2.96,2014,2014
Kepler-294,2,2.24,5.79,2014,2014
Kepler-375,2,2.05,5.11,2014,2014
Kepler-387,2,0.96,0.86,2014,2014
Kepler-418,2,9.34,186.66,2014,2021
KMT-2021-BLG-1077L,2,10.23,74.69,2022,2022
K2-154,2,2.03,4.78,2018,2018
HIP 9618,2,3.63,7.65,2023,2023
HD 177830,2,10.69,292.4,1999,2010
WISPIT 1,2,12.6,2494.95,2025,2025
HD 152843,2,4.5,9.75,2021,2021
EPIC 212624936,2,1.75,3.89,2021,2021
HD 86226,2,8.23,75.14,2009,2020
Kepler-963,2,1.63,3.86,2016,2024
HD 9446,2,13.7,400.45,2009,2009
TOI-1450 A,2,1.13,1.39,2024,2024
LkCa 15,2,,,2015,2015
Kepler-180,2,2.26,6.09,2014,2014
Kepler-1666,2,3.06,9.58,2020,2020
Kepler-397,2,4.32,19.11,2014,2014
Kepler-361,2,1.99,4.8,2014,2014
TOI-1634,2,1.76,4.9,2021,2022
Kepler-553,2,8.16,1122.73,2016,2016
Kepler-407,2,6.75,2000.97,2014,2014
K2-199,2,2.29,9.65,2018,2018
TOI-1238,2,1.66,6.04,2022,2022
GJ 251,2,1.8,3.87,2020,2025
Kepler-190,2,1.51,2.89,2014,2014
Kepler-1065,2,2.67,8.3,2016,2016
TOI-4600,2,8.11,1953.06,2023,2023
HD 18143,2,7.89,1594.23,2022,2022
KOI-984,2,9.2,113.45,2022,2022
K2-224,2,1.99,4.72,2018,2018
K2-117,2,2.05,4.84,2017,2017
HD 93963 A,2,2.29,10.6,2022,2022
HD 200964,2,13.6,447.03,2010,2010
K2-50,2,1.3,2.06,2016,2019
WISPIT 2,2,17.93,2359.88,2025,2026
HD 260655,2,1.39,2.62,2022,2022
14 Her,2,12.55,2669.76,2002,2021
K2-62,2,2.01,4.68,2016,2016
BD-08 2823,2,12.5,1526.25,2009,2009
Kepler-307,2,2.32,5.54,2013,2013
GJ 3323,2,1.27,2.17,2017,2017
TOI-880,2,3.57,13.57,2024,2025
TOI-771,2,1.43,2.67,2024,2025
WASP-107,2,11.77,70.88,2017,2020
TOI-1386,2,8.26,60.5,2024,2024
PDS 70,2,22.08,1700.38,2018,2019
Kepler-975,2,6.09,41.5,2016,2023
HD 102329,2,13.05,1538.3,2011,2016
HD 128311,2,13.25,883.25,2002,2005
HD 15906,2,2.59,7.28,2023,2023
Kepler-783,2,1.56,3.22,2016,2020
Kepler-134,2,1.63,3.4,2014,2014
HD 68988,2,12.8,2701.54,2001,2021
HD 38529,2,13.3,1752.82,2000,2000
HD 93083,2,8.21,74.23,2005,2026
Kepler-436,2,2.53,6.97,2015,2016
HU Aqr,2,12.85,1652.72,2011,2011
Kepler-280,2,1.73,3.7,2014,2014
K2-141,2,4.26,6.49,2018,2018
TOI-756,2,7.91,648.52,2025,2025
Kepler-353,2,1.14,1.56,2014,2014
K2-374,2,1.9,4.35,2022,2022
K2-73,2,7.79,575.6,2016,2025
Kepler-131,2,1.63,12.19,2014,2014
Kepler-1488,2,1.76,3.75,2016,2021
Kepler-156,2,2.42,6.47,2014,2014
HD 115404 A,2,9.3,1655.25,2022,2022
CoRoT-20,2,10.81,3384.89,2011,2018
Kepler-241,2,2.45,6.59,2014,2014
HD 190360,2,9.47,279.69,2003,2005
HD 215497,2,13.0,850.03,2009,2009
55 Cnc B,2,1.93,4.4,2025,2025
Kepler-209,2,2.68,7.77,2014,2014
Kepler-146,2,3.42,11.63,2014,2014
K2-170,2,1.61,3.25,2018,2018
HD 47366,2,13.45,572.73,2016,2016
HD 33844,2,13.45,597.52,2015,2015
Kepler-1518,2,2.97,9.14,2016,2023
HD 156098,2,8.46,838.75,2022,2022
HD 154857,2,13.25,799.33,2004,2014
TOI-421,2,3.87,10.4,2020,2020
TOI-4156,2,2.73,7.93,2026,2026
Kepler-380,2,1.23,1.98,2014,2014
Kepler-1990,2,2.13,5.8,2023,2023
Kepler-232,2,3.46,11.85,2014,2014
Kepler-379,2,1.98,4.63,2014,2014
Kepler-389,2,1.49,2.81,2014,2014
Kepler-430,2,2.5,7.15,2015,2015
Kepler-1315,2,1.61,3.27,2016,2021
Kepler-799,2,4.83,23.03,2016,2021
Kepler-204,2,2.16,5.4,2014,2014
HD 147873,2,13.05,1182.33,2016,2016
GJ 1002,2,1.07,1.22,2022,2022
EPIC 201595106,2,2.79,11.45,2021,2024
HD 164604,2,12.4,3607.35,2009,2026
HD 15337,2,2.15,6.66,2019,2019
Kepler-314,2,1.87,4.62,2014,2014
Kepler-864,2,2.01,4.81,2016,2023
TIC 434398831,2,4.57,19.55,2025,2025
Kepler-268,2,2.97,9.22,2014,2014
HD 13808,2,3.24,10.58,2021,2021
Kepler-181,2,1.63,3.39,2014,2014
TOI-1347,2,1.7,8.75,2024,2024
TOI-2095,2,1.29,5.75,2023,2023
Kepler-1154,2,2.35,6.13,2016,2016
Kepler-112,2,2.38,6.26,2014,2014
TOI-4562,2,12.67,1282.93,2023,2024
Kepler-109,2,2.57,6.55,2014,2014
Kepler-101,2,3.51,27.44,2014,2014
TOI-763,2,2.46,9.56,2020,2020
TOI-776,2,1.92,5.95,2020,2020
KOI-55,2,0.81,0.55,2011,2011
KOI-1599,2,1.9,6.8,2019,2019
Kepler-367,2,1.25,2.06,2014,2014
Kepler-368,2,3.57,12.5,2014,2014
HIP 38594,2,5.36,28.25,2020,2020
K2-168,2,1.59,3.2,2018,2019
Kepler-760,2,2.27,6.19,2016,2016
TOI-1130,2,8.33,177.9,2020,2020
K2-63,2,3.56,12.5,2016,2016
TOI-4342,2,2.34,6.05,2023,2023
HD 25912,2,9.55,2645.44,2022,2022
HD 113337,2,12.6,3667.74,2013,2020
HD 156668,2,4.02,17.82,2010,2021
TOI-2267 A,2,1.07,1.26,2025,2025
HD 12661,2,13.25,835.89,2000,2002
Kepler-147,2,1.98,4.72,2014,2014
TOI-6054,2,2.73,10.9,2024,2024
TOI-1422,2,3.22,11.75,2022,2025
G 192-15,2,2.45,7.67,2025,2025
Kepler-1642,2,2.93,8.93,2016,2016
HD 72659,2,12.65,3557.77,2002,2022
OGLE-2006-BLG-109L,2,12.55,158.5,2008,2008
HD 183263,2,12.8,2031.08,2004,2008
K2-243,2,2.09,5.03,2018,2018
Kepler-879,2,1.49,3.58,2016,2024
GJ 682,2,2.41,6.55,2014,2014
HD 30177,2,12.65,2312.68,2002,2016
KIC 9663113,2,4.4,17.8,2015,2016
Kepler-57,2,2.67,15.96,2012,2012
Kepler-1365,2,0.86,0.58,2016,2016
HD 80653,2,7.21,862.59,2020,2023
Kepler-378,2,0.73,0.31,2014,2014
Kepler-162,2,2.15,5.78,2014,2014
Kepler-1162,2,2.01,4.72,2016,2023
Kepler-119,2,2.26,6.66,2014,2014
Kepler-365,2,1.84,4.08,2014,2014
Kepler-120,2,1.84,5.73,2014,2014
Kepler-340,2,2.95,9.12,2014,2014
Kepler-1322,2,1.88,4.26,2016,2021
HD 192310,2,4.76,20.45,2011,2011
Kepler-262,2,1.5,2.88,2014,2014
Kepler-258,2,3.84,14.1,2014,2014
K2-270,2,2.17,5.75,2018,2018
Kepler-308,2,2.14,5.23,2014,2014
Kepler-287,2,2.8,74.5,2014,2014
Kepler-653,2,1.37,2.43,2016,2016
Kepler-396,2,4.4,46.7,2013,2013
Kepler-234,2,3.61,12.65,2014,2014
Kepler-214,2,2.37,6.25,2014,2014
K2-389,2,2.19,5.43,2022,2022
HD 47186,2,9.01,66.83,2008,2008
Kepler-1312,2,1.56,3.07,2016,2021
HD 111232,2,12.4,4136.22,2003,2022
GJ 3090,2,2.66,7.26,2022,2026
BD-06 1339,2,8.38,788.02,2013,2013
7 CMa,2,13.65,432.25,2011,2019
Kepler-141,2,1.05,1.41,2014,2014
TOI-6695,2,11.56,263.8,2025,2025
TOI-6041,2,7.53,53.4,2025,2025
TOI-1453,2,1.7,2.64,2025,2025
TIC 24750448,2,2.76,8.13,2026,2026
Kepler-1649,2,1.04,1.12,2017,2020
Kepler-605,2,1.15,1.62,2016,2016
Kepler-356,2,1.69,3.51,2014,2014
Kepler-170,2,3.03,45.58,2014,2014
Kepler-355,2,2.09,5.27,2014,2014
Kepler-335,2,3.23,10.52,2014,2014
Kepler-261,2,2.09,5.03,2014,2014
Kepler-1907,2,1.01,1.11,2021,2021
Kepler-274,2,1.69,3.52,2014,2014
Kepler-285,2,1.23,1.91,2014,2014
Kepler-328,2,3.85,33.95,2013,2013
Kepler-405,2,3.37,12.29,2014,2014
Kepler-152,2,2.59,7.25,2014,2014
Kepler-607,2,1.82,4.32,2016,2021
Kepler-610,2,3.75,13.6,2016,2016
Kepler-1370,2,1.56,3.1,2016,2016
K2-201,2,2.34,6.67,2018,2018
Kepler-406,2,1.14,4.53,2014,2014
Kepler-128,2,1.47,3.59,2013,2013
Kepler-117,2,10.2,307.33,2014,2014
K2-43,2,3.47,12.47,2016,2019
HIP 54373,2,3.22,10.53,2019,2019
HD 109271,2,4.79,20.66,2013,2013
HD 67087,2,13.0,1256.5,2015,2015
Kepler-449,2,2.41,6.48,2015,2015
Kepler-887,2,1.49,2.78,2016,2016
HD 24040,2,11.13,826.51,2006,2021
TOI-1224,2,2.49,6.88,2024,2024
Kepler-87,2,9.82,165.3,2013,2013
HD 110113,2,2.08,7.53,2021,2021
WASP-84,2,6.34,117.6,2014,2023
WASP-148,2,11.19,107.9,2020,2020
TOI-1803,2,3.64,9.16,2025,2025
TOI-1294,2,12.21,105.45,2024,2024
TOI-2093,2,2.78,13.2,2025,2025
LP 890-9,2,1.34,19.25,2022,2022
Kepler-94,2,8.0,1568.42,2014,2014
Kepler-750,2,2.34,6.45,2016,2016
HD 74156,2,13.0,1643.17,2003,2003
TOI-1774,2,2.99,9.4,2021,2026
TOI-836,2,2.15,7.07,2021,2023
TOI-969,2,7.58,1800.28,2022,2022
K2-195,2,2.85,8.56,2018,2018
Kepler-231,2,1.83,29.75,2014,2014
K2-282,2,2.05,5.0,2018,2019
K2-84,2,2.22,5.59,2016,2016
Kepler-1801,2,2.81,8.3,2021,2023
Kepler-320,2,1.25,2.0,2014,2014
Kepler-177,2,6.12,10.27,2013,2013
K2-275,2,2.28,5.8,2018,2018
TOI-815,2,2.78,15.55,2024,2024
GJ 536,2,2.36,6.13,2016,2025
HD 94890,2,12.9,1754.41,2025,2025
HD 155918,2,7.74,942.84,2022,2022
HD 106315,2,3.39,13.9,2017,2017
HD 187123,2,13.7,539.19,1998,2008
K2-166,2,1.71,3.71,2018,2019
HD 114783,2,13.55,476.74,2001,2016
HD 168443,2,12.4,3962.37,1998,2000
K2-158,2,1.96,4.82,2018,2018
WASP-8,2,12.58,1905.33,2010,2013
HD 25463,2,1.95,6.5,2023,2023
TOI-544,2,3.47,12.2,2022,2023
HD 45184,2,3.22,10.5,2019,2019
HD 60532,2,13.55,567.33,2008,2008
TOI-406,2,1.7,4.33,2024,2024
TOI-2525,2,9.4,117.76,2023,2023
HIP 67522,2,8.96,59.85,2020,2024
TOI-2322,2,1.43,10.21,2025,2025
K2-190,2,1.22,1.88,2018,2018
Kepler-303,2,1.01,1.1,2014,2014
HD 196067,2,7.81,1816.82,2012,2025
Kepler-625,2,1.52,2.89,2016,2016
K2-38,2,1.92,7.8,2016,2016
TOI-1052,2,4.68,25.6,2023,2023
K2-8,2,3.0,9.45,2015,2016
Pr0211,2,13.0,1536.71,2012,2016
Kepler-561,2,4.82,23.18,2016,2016
HD 1461,2,2.33,6.02,2010,2015
Kepler-1336,2,1.85,4.08,2016,2016
Kepler-183,2,2.17,20.3,2014,2014
Kepler-1869,2,0.93,0.9,2021,2023
Kepler-108,2,8.41,53.45,2014,2014
Kepler-213,2,1.98,4.67,2014,2014
Kepler-313,2,2.55,7.04,2014,2014
Kepler-291,2,2.02,4.75,2014,2014
Kepler-300,2,1.96,4.56,2014,2014
Kepler-317,2,1.9,56.71,2014,2014
Kepler-333,2,1.22,14.81,2014,2014
Kepler-390,2,0.81,0.45,2014,2014
K2-316,2,1.58,3.17,2020,2020
Kepler-211,2,1.27,10.22,2014,2014
Kepler-115,2,1.85,4.3,2014,2014
Kepler-173,2,1.86,4.35,2014,2014
Kepler-125,2,1.56,3.27,2014,2014
Kepler-1093,2,1.96,4.48,2016,2016
Kepler-1471,2,1.65,3.38,2016,2023
Kepler-1514,2,6.8,839.94,2016,2020
Kepler-1050,2,1.54,2.99,2016,2016
Kepler-155,2,2.17,5.34,2014,2014
TOI-1338 A,2,8.98,43.35,2020,2023
Kepler-179,2,1.82,4.0,2014,2014
Kepler-1802,2,2.0,4.72,2021,2021
TIC 139270665,2,10.06,850.67,2024,2024
Kepler-967,2,3.0,9.51,2016,2016
Kepler-633,2,1.96,4.59,2016,2021
Kepler-188,2,2.44,6.88,2014,2014
Kepler-263,2,2.57,7.14,2014,2014
Kepler-270,2,1.89,4.24,2014,2014
Kepler-28,2,1.91,1.85,2011,2011
Kepler-302,2,8.25,15.5,2014,2014
Kepler-364,2,1.85,4.14,2014,2014
Kepler-370,2,1.75,3.73,2014,2014
LTT 3780,2,1.86,5.25,2020,2020
Kepler-383,2,1.28,2.18,2014,2014
Kepler-432,2,13.07,1245.89,2015,2015
TOI-2134,2,4.98,25.51,2023,2023
HD 99492,2,4.93,21.7,2004,2023
HD 21693,2,3.57,12.8,2019,2019
HD 163607,2,13.6,474.3,2010,2010
HD 148164,2,13.25,1015.47,2018,2018
gam Lib,2,13.25,1010.22,2018,2018
WASP-18,2,11.24,1648.52,2009,2019
HD 74698,2,9.56,74.5,2023,2023
TOI-4311,2,1.92,9.04,2026,2026
Kepler-69,2,1.98,4.61,2013,2013
TOI-2537,2,11.98,1356.65,2024,2024
TOI-1752,2,1.99,4.69,2026,2026
Kepler-804,2,1.54,2.99,2016,2016
Kepler-896,2,2.84,8.52,2016,2023
Kepler-990,2,2.07,5.12,2016,2016
K2-254,2,1.91,4.36,2018,2018
Kepler-589,2,1.69,3.61,2016,2021
Kepler-175,2,2.83,8.44,2014,2014
HD 203387,2,12.85,1742.49,2022,2022
OGLE-2018-BLG-1011L,2,13.35,730.0,2019,2019
Kepler-362,2,1.17,1.66,2014,2014
Kepler-36,2,2.59,5.48,2012,2012
TOI-2202,2,12.18,202.3,2021,2021
Kepler-323,2,1.48,5.35,2014,2014
Kepler-1921,2,2.15,5.65,2021,2023
Kepler-239,2,2.42,6.45,2014,2014
HD 155358,2,13.85,287.83,2007,2007
HD 133131 A,2,13.95,292.4,2016,2016
HD 116029,2,13.65,424.3,2011,2016
Kepler-200,2,1.86,4.17,2014,2014
Kepler-259,2,2.75,8.0,2014,2014
Kepler-1814,2,2.06,4.98,2021,2023
Kepler-165,2,2.28,5.8,2014,2014
Kepler-153,2,2.72,7.9,2014,2014
Kepler-345,2,0.97,1.34,2014,2014
K2-59,2,2.36,6.15,2016,2016
K2-5,2,2.09,5.02,2015,2015
HD 51608,2,3.75,13.54,2019,2019
BD-11 4672,2,9.07,110.98,2014,2020
HAT-P-44,2,13.46,691.59,2014,2014
TOI-5489,2,1.34,2.36,2025,2025
TOI-216,2,9.05,98.37,2019,2019
TOI-1232,2,9.9,139.53,2026,2026
Kepler-903,2,2.27,5.82,2016,2016
GJ 3512,2,14.3,145.25,2019,2020
GJ 849,2,13.85,299.24,2006,2014
KOI-12,2,12.89,3670.94,2015,2017
Kepler-424,2,11.34,1271.26,2014,2014
Kepler-414,2,2.36,16.7,2014,2014
HAT-P-2,2,11.53,3133.79,2007,2023
HD 11964,2,9.74,111.5,2005,2008
Kepler-205,2,1.58,3.11,2014,2014
HD 48265,2,12.75,1883.13,2008,2026
Kepler-1610,2,1.85,4.12,2016,2023
Kepler-1350,2,2.13,5.27,2016,2016
Kepler-151,2,2.58,7.31,2014,2014
HD 75784,2,13.3,1055.2,2014,2018
HD 81817,2,12.0,7427.17,2020,2022
Kepler-143,2,2.89,8.85,2014,2014
Kepler-137,2,1.67,3.48,2014,2014
K2-343,2,1.84,4.05,2021,2021
Kepler-264,2,3.08,9.75,2014,2014
Kepler-140,2,1.71,3.56,2014,2014
Kepler-1487,2,5.05,26.94,2016,2023
TOI-942,2,4.28,26.5,2020,2020
TOI-904,2,2.3,5.9,2023,2023
TOI-1782,2,2.1,5.12,2024,2024
TOI-1408,2,13.61,300.3,2023,2024
Kepler-1052,2,2.62,7.41,2016,2023
Kepler-343,2,2.22,5.57,2014,2014
Kepler-1266,2,2.13,5.32,2016,2021
Kepler-212,2,1.92,4.64,2014,2014
Kepler-1705,2,2.04,4.95,2021,2021
Kepler-1693,2,1.13,1.55,2020,2021
Kepler-1513,2,9.8,66.43,2016,2023
HIP 5158,2,12.9,2615.58,2009,2011
HD 5278,2,3.47,13.1,2021,2021
HD 35843,2,2.42,8.58,2025,2025
GJ 1148,2,10.81,82.38,2010,2017
iot Dra,2,12.3,4357.43,2002,2021
TOI-4495,2,3.26,15.45,2024,2026
TOI-199,2,10.24,71.51,2023,2023
Kepler-195,2,1.79,3.9,2014,2014
Kepler-534,2,1.73,3.84,2016,2021
Kepler-315,2,3.96,14.9,2014,2014
Kepler-384,2,1.13,1.49,2014,2014
Kepler-395,2,1.18,1.69,2014,2014
Kepler-501,2,2.99,10.29,2016,2021
GJ 328,2,9.11,409.57,2013,2023
K2-413,2,1.0,1.21,2022,2022
HD 156279,2,12.5,3048.29,2011,2016
Kepler-1067,2,1.27,2.07,2016,2021
Kepler-880,2,2.77,8.08,2016,2023
Kepler-349,2,1.93,49.5,2014,2014
Kepler-97,2,1.48,173.76,2014,2014
LTT 1445 A,2,1.24,2.13,2019,2022
Kepler-309,2,2.04,4.95,2014,2014
Kepler-297,2,4.71,45.3,2014,2014
Kepler-1245,2,1.44,2.67,2016,2016
Kepler-123,2,2.21,29.05,2014,2014
K2-407,2,1.32,2.3,2022,2022
K2-18,2,2.51,8.22,2015,2017
K2-111,2,2.59,8.23,2017,2020
HD 93351,2,7.0,2078.76,2022,2022
HD 217107,2,13.25,924.25,1998,2005
HD 118203,2,12.59,2213.67,2005,2024
WASP-41,2,12.71,640.43,2012,2015
WASP-126,2,9.95,77.25,2016,2019
TOI-261,2,3.2,10.36,2021,2021
OGLE-2014-BLG-1722L,2,9.8,69.5,2018,2018
Kepler-784,2,1.57,3.07,2016,2023
Kepler-145,2,3.49,58.25,2013,2013
Kepler-168,2,2.08,5.22,2014,2014
Kepler-825,2,1.69,3.5,2016,2016
TOI-2458,2,3.01,11.77,2024,2024
Kepler-2001,2,1.43,2.55,2023,2023
Kepler-1894,2,1.21,1.9,2021,2023
Kepler-1834,2,1.34,2.36,2021,2023
Kepler-974,2,1.09,5.55,2013,2016
nu Oph,2,12.0,7448.03,2012,2012
GJ 411,2,2.61,8.15,2019,2021
HD 62364,2,12.05,6944.55,2022,2022
CoRoT-24,2,4.35,16.85,2014,2014
DMPP-6,2,3.01,9.64,2026,2026
HD 113538,2,13.5,204.99,2010,2010
TOI-5398,2,6.91,35.25,2022,2023
EPIC 206042996,2,1.45,2.7,2019,2021
K2-348,2,2.97,9.15,2021,2021
TOI-1468,2,1.76,3.57,2022,2022
HD 159868,2,13.65,474.52,2006,2012
KELT-6,2,13.79,672.21,2014,2015
HD 4203,2,13.3,699.21,2001,2014
Proxima Cen,2,0.86,0.66,2016,2025
HD 75898,2,12.9,1754.41,2007,2024
HD 87816,2,12.55,3009.84,2025,2025
K2-188,2,2.09,5.4,2018,2018
LHS 1140,2,1.5,3.76,2017,2018
K2-290,2,7.17,128.45,2019,2019
HD 134987,2,13.7,385.85,1999,2009
Kepler-520,2,1.37,2.32,2016,2016
Kepler-466,2,2.05,5.3,2016,2016
Kepler-388,2,0.84,0.51,2014,2014
Kepler-391,2,2.69,775.0,2014,2014
Kepler-316,2,1.11,1.42,2014,2014
TYC 8998-760-1,2,12.21,4417.82,2020,2020
Kepler-266,2,3.19,10.56,2014,2014
Kepler-116,2,2.86,8.75,2014,2014
Kepler-1600,2,2.54,7.2,2016,2021
TOI-2096,2,1.58,3.2,2023,2023
K2-90,2,1.95,4.76,2016,2016
HD 169830,2,12.9,1620.92,2000,2003
Kepler-1143,2,2.64,8.02,2016,2016
K2-396,2,2.35,6.53,2022,2022
K2-83,2,1.36,2.44,2016,2016
KMT-2020-BLG-0414L,2,6.55,4291.62,2021,2021
Kepler-1090,2,2.77,8.3,2016,2021
K2-223,2,1.2,1.75,2018,2018
K2-189,2,1.86,4.25,2018,2018
HD 37605,2,13.15,934.42,2004,2012
HD 105618,2,8.67,4222.51,2022,2022
GJ 4274,2,2.18,5.68,2026,2026
TOI-1670,2,6.56,120.77,2022,2022
Kepler-193,2,2.57,7.15,2014,2014
Kepler-1972,2,0.84,2.07,2022,2022
Kepler-1991,2,2.02,4.95,2023,2023
Kepler-2000,2,2.15,5.5,2023,2023
Kepler-248,2,3.55,12.49,2014,2014
Kepler-269,2,2.08,5.08,2014,2014
TOI-5788,2,1.9,5.06,2026,2026
Kepler-330,2,1.65,3.43,2014,2014
Kepler-284,2,2.42,6.49,2014,2014
Kepler-278,2,3.61,45.45,2014,2014
Kepler-236,2,1.79,3.88,2014,2014
Kepler-1398,2,0.97,0.87,2016,2016
HAT-P-11,2,8.78,438.39,2008,2018
Kepler-1047,2,1.54,2.98,2016,2016
K2-414,2,1.57,3.18,2022,2022
HAT-P-13,2,13.28,2404.44,2009,2009
HD 107148,2,7.15,43.32,2005,2021
TOI-1839,2,2.31,5.98,2026,2026
UZ For,2,,2224.7,2011,2011
Kepler-369,2,1.27,2.04,2014,2014
Kepler-93,2,1.48,479.33,2014,2014
Kepler-598,2,2.26,6.13,2016,2020
NN Ser,2,12.95,1527.11,2010,2010
BD-210397,2,13.45,869.79,2023,2023
Kepler-371,2,1.84,4.03,2014,2014
K2-240,2,1.9,4.28,2018,2018
TOI-1346,2,2.31,5.95,2025,2025
TOI-1410,2,4.37,19.75,2024,2024
Kepler-322,2,1.34,2.22,2014,2014
Kepler-415,2,1.61,62.3,2014,2014
Kepler-246,2,1.92,4.47,2014,2014
Kepler-133,2,2.3,6.1,2014,2014
Kepler-377,2,1.73,3.71,2014,2014
HD 104067,2,6.44,37.65,2009,2024
HD 82943,2,13.45,578.43,2003,2003
HD 73267,2,12.9,1476.15,2008,2022
TOI-1269,2,2.32,6.0,2024,2026
Kepler-1371,2,0.69,0.26,2016,2016
K2-75,2,2.72,7.86,2016,2016
Kepler-392,2,1.05,1.17,2014,2014
HAT-P-17,2,12.43,632.47,2010,2010
K2-229,2,1.52,4.78,2018,2018
EPIC 212737443,2,2.64,7.45,2019,2019
GJ 15 A,2,4.11,19.52,2014,2018
HD 65216,2,13.5,528.39,2003,2013
HD 45364,2,11.61,117.33,2008,2008
GJ 143,2,1.75,13.2,2019,2019
HD 216520,2,3.11,9.85,2020,2020
HD 12235,2,7.87,1573.09,2022,2022
HD 20003,2,3.66,13.05,2019,2019
HD 140901,2,8.74,293.83,2022,2022
HD 202696,2,,613.41,2019,2019
HD 213885,2,3.23,14.39,2019,2019
HD 219828,2,8.4,2560.74,2007,2016
HATS-59,2,12.46,2146.31,2018,2018
GJ 414 A,2,5.52,30.72,2021,2021
Kepler-400,2,1.57,3.1,2014,2014
TOI-286,2,1.65,4.13,2024,2024
TOI-1836,2,5.3,23.23,2024,2024
GJ 3929,2,1.67,3.73,2022,2022
Kepler-376,2,1.43,2.55,2014,2014
Kepler-210,2,3.28,10.88,2014,2014
Kepler-1859,2,1.62,3.26,2021,2023
GJ 1132,2,1.36,2.37,2015,2018
EPIC 220674823,2,2.16,7.72,2016,2016
K2-395,2,3.0,9.33,2022,2022
Kepler-321,2,2.05,4.89,2014,2014
Kepler-337,2,1.8,3.93,2014,2014
Kepler-118,2,4.82,25.1,2014,2014
HD 108874,2,13.7,382.98,2002,2005
TOI-1472,2,3.7,19.59,2024,2025
K2-146,2,2.12,6.63,2018,2019
TOI-238,2,1.87,5.04,2024,2024
HIP 8152,2,2.53,9.8,2023,2023
HIP 111909,2,13.8,321.01,2025,2025
HD 50499,2,13.35,725.61,2005,2019
TOI-6109,2,4.85,20.95,2025,2025
TOI-4336 A,2,1.69,2.44,2024,2026
TOI-2015,2,3.12,9.06,2023,2025
OGLE-2019-BLG-0468L,2,12.8,2169.18,2022,2022
Kepler-949,2,2.94,8.96,2016,2023
Kepler-755,2,1.51,2.94,2016,2016
Kepler-920,2,3.11,10.12,2016,2016
Kepler-732,2,1.73,3.77,2016,2016
Kepler-393,2,1.31,2.27,2014,2014
Kepler-382,2,1.46,2.72,2014,2014
KMT-2022-BLG-1818L,2,13.1,692.87,2026,2026
Kepler-346,2,2.87,8.6,2014,2014
Kepler-1165,2,2.46,7.11,2016,2021
EPIC 212587672,2,1.79,4.06,2019,2021
Kepler-233,2,2.57,7.14,2014,2014
Kepler-227,2,3.08,9.66,2014,2014
HIP 56998,2,0.97,0.88,2025,2025
HIP 8541,2,13.25,1353.63,2016,2022
HD 114386,2,13.5,290.81,2003,2026
Kepler-240,2,1.79,52.38,2014,2014
Kepler-1464,2,1.33,2.18,2016,2016
Kepler-1038,2,2.47,7.4,2016,2021
Kepler-656,2,2.27,6.24,2016,2023
TOI-1288,2,8.03,64.9,2022,2022
K2-172,2,2.44,6.91,2018,2018
K2-24,2,6.45,17.2,2016,2016
Kepler-103,2,4.47,35.07,2014,2014
TOI-1694,2,9.57,164.15,2023,2023
K2-331,2,2.26,5.86,2021,2021
K2-35,2,1.63,3.34,2016,2016
KMT-2024-BLG-0404L,2,8.12,4337.47,2025,2025
KIC 5437945,2,5.96,29.85,2015,2016
HD 99706,2,13.25,1099.69,2011,2016
TOI-1798,2,1.96,6.05,2024,2024
HD 134060,2,4.54,19.7,2019,2019
HD 28185,2,12.8,1883.13,2001,2022
HD 189567,2,2.7,7.75,2021,2021
HD 13908,2,13.35,952.66,2013,2013
HIP 97166,2,2.62,13.55,2021,2021
Kepler-243,2,2.22,5.6,2014,2014
Kepler-539,2,10.84,535.54,2016,2016
TOI-2295,2,14.64,1030.56,2024,2024
Kepler-273,2,1.74,3.72,2014,2014
Kepler-462,2,3.5,29.95,2016,2018
Kepler-29,2,2.44,4.75,2011,2011
Kepler-404,2,1.5,2.88,2014,2014
Kepler-358,2,2.79,8.18,2014,2014
Kepler-366,2,1.63,3.3,2014,2014
TOI-1062,2,2.68,9.97,2021,2021
Kepler-524,2,1.44,2.58,2016,2016
Kepler-373,2,1.3,2.25,2014,2014
TIC 279401253,2,11.9,2250.23,2023,2023
OGLE-2012-BLG-0026L,2,10.81,158.05,2012,2012
Kepler-716,2,2.15,5.64,2016,2020
Kepler-260,2,1.88,4.19,2014,2014
NY Vir,2,13.05,1245.88,2011,2019
Kepler-329,2,1.67,3.46,2014,2014
Kepler-722,2,2.72,7.88,2016,2016
Kepler-511,2,5.28,24.8,2016,2021
Kepler-419,2,11.7,1557.3,2014,2014
Kepler-360,2,1.88,4.21,2014,2014
Kepler-293,2,3.45,11.82,2014,2014
Kepler-283,2,1.98,4.58,2014,2014
Kepler-242,2,2.3,5.99,2014,2014
TOI-1064,2,2.62,8.0,2022,2022
Kepler-725,2,6.94,45.65,2016,2025
Kepler-159,2,2.9,8.88,2014,2014
Kepler-865,2,1.69,3.7,2016,2023
TOI-5126,2,4.3,17.2,2023,2023
Kepler-953,2,2.7,9.15,2016,2016
Kepler-216,2,2.7,7.8,2014,2014
Kepler-144,2,1.34,2.36,2014,2014
75 Cet,2,13.6,538.88,2012,2023
EPIC 206317286,2,1.53,2.94,2019,2022
G 264-012,2,1.58,3.13,2021,2021
Kepler-105,2,1.99,8.2,2013,2014
HD 4732,2,13.25,850.35,2012,2012
KOI-134,2,10.95,208.18,2025,2025
TOI-1470,2,2.33,7.28,2023,2023
GJ 273,2,1.29,2.04,2017,2017
GJ 3473,2,1.95,4.64,2020,2020
K2-264,2,2.45,6.61,2018,2018
K2-247,2,2.16,5.29,2018,2018
HD 151450,2,9.87,837.32,2022,2022
Kepler-113,2,2.0,10.2,2014,2014
K2-21,2,2.17,5.4,2015,2015
HIP 65407,2,14.1,192.6,2016,2016
HD 206893,2,15.19,4862.77,2021,2022
HD 66428,2,12.95,2019.8,2005,2021
HD 5319,2,13.65,414.61,2007,2014
Kepler-1129,2,2.85,8.48,2016,2016
Kepler-111,2,4.33,112.8,2014,2014
HD 95089,2,13.4,748.49,2009,2016
TOI-237,2,1.32,2.29,2020,2026
HD 1605,2,13.4,723.7,2015,2015
Kepler-1641,2,3.03,9.43,2016,2016
HD 159243,2,13.55,481.52,2013,2013
GJ 806,2,1.81,3.85,2023,2023
Kepler-230,2,3.15,10.81,2014,2014
Kepler-1001,2,2.36,6.61,2016,2020
KOI-3503,2,1.2,9.78,2021,2021
GJ 317,2,13.45,624.5,2007,2016
EPIC 212297394,2,1.88,4.28,2019,2021
KOBE-1,2,3.24,10.6,2025,2025
Kepler-344,2,2.78,8.16,2014,2014
Kepler-913,2,2.96,9.55,2016,2021
Kepler-769,2,2.36,6.36,2016,2016
Kepler-1126,2,1.59,3.17,2016,2023
HD 73583,2,2.59,9.95,2022,2022
Kepler-730,2,6.95,3.09,2016,2018
Kepler-937,2,3.2,10.51,2016,2016
Kepler-1181,2,1.7,3.55,2016,2023
HIP 113103,2,2.11,5.18,2023,2023
Kepler-161,2,2.09,3.12,2014,2014
HD 92788,2,13.0,1180.74,2000,2019
HD 63935,2,2.99,10.8,2021,2021
BD+20 2457,2,12.25,5385.4,2009,2009
Kepler-189,2,1.8,12.31,2014,2014
HIP 67851,2,13.2,1285.14,2015,2015
TOI-1669,2,8.2,102.0,2023,2024
HD 23079,2,8.0,426.84,2001,2025
Kepler-277,2,3.14,75.75,2013,2013
Kepler-417,2,2.5,9.35,2014,2014
TOI-1736,2,7.84,1406.15,2023,2023
WASP-53,2,12.04,2937.07,2017,2017
Kepler-595,2,2.36,10.35,2016,2020
Kepler-59,2,1.54,3.96,2012,2012
HD 207832,2,14.1,205.0,2012,2012
Kepler-647,2,2.59,8.4,2016,2020
Kepler-50,2,1.94,8.55,2012,2012
K2-185,2,1.77,3.95,2018,2018
Kepler-237,2,1.75,3.78,2014,2014
Kepler-201,2,2.66,7.56,2014,2014
Kepler-136,2,2.02,12.21,2014,2014
K2-350,2,2.14,5.47,2016,2021
Kepler-969,2,1.53,2.94,2016,2016
HD 83443,2,13.85,302.25,2002,2022
HD 73526,2,13.2,847.0,2002,2005
HD 43197,2,13.4,1338.22,2010,2022
HD 217786,2,7.46,2204.93,2011,2022
HD 137496,2,6.96,1219.3,2021,2021
TOI-1438,2,2.9,10.0,2025,2025
TOI-2000,2,5.42,46.35,2023,2023
GJ 687,2,4.23,16.6,2014,2020
Kepler-121,2,2.3,5.93,2014,2014
24 Sex,2,13.65,452.89,2010,2010
TOI-2345,2,1.98,5.38,2025,2025
Kepler-1491,2,1.98,4.71,2016,2023
Kepler-386,2,1.49,2.82,2014,2014
TOI-5799,2,1.75,3.7,2024,2025
Kepler-318,2,4.2,16.5,2014,2014
Kepler-182,2,3.01,9.39,2014,2014
Kepler-163,2,1.65,3.45,2014,2014
Kepler-252,2,1.69,3.66,2014,2014
Kepler-199,2,3.18,10.23,2014,2014
Kepler-187,2,2.04,5.09,2014,2014
Kepler-312,2,2.22,6.15,2014,2014
GJ 2030,2,7.17,2036.96,2022,2022
GJ 229,2,3.42,11.76,2014,2020
Kepler-1489,2,1.14,1.93,2016,2024
Kepler-1085,2,5.24,25.95,2016,2020
KOI-1783,2,7.15,43.0,2020,2020
K2-36,2,2.32,6.1,2016,2016
K2-398,2,3.69,14.3,2022,2022
Kepler-1296,1,0.91,0.69,2016,2016
WASP-58,1,16.03,308.3,2012,2012
K2-357,1,3.72,13.4,2021,2021
Kepler-1340,1,1.55,3.02,2016,2016
Kepler-1460,1,1.96,4.5,2016,2016
KELT-4 A,1,19.04,286.68,2016,2016
Kepler-1499,1,1.19,1.81,2016,2016
Kepler-1505,1,0.93,0.75,2016,2016
Kepler-1508,1,1.33,2.33,2016,2016
KMT-2018-BLG-2602L,1,13.7,365.5,2022,2022
Kepler-1561,1,1.09,1.32,2016,2016
Kepler-1614,1,1.49,2.83,2016,2016
Kepler-1678,1,3.3,10.9,2020,2020
Kepler-1746,1,8.94,59.1,2021,2021
KMT-2019-BLG-1953L,1,14.1,200.0,2020,2020
Kepler-1845,1,2.44,6.52,2021,2021
Kepler-1847,1,2.75,7.97,2021,2021
Kepler-1936,1,3.17,10.2,2021,2021
KMT-2022-BLG-2286L,1,12.1,6038.74,2024,2024
KMT-2023-BLG-0469L,1,7.04,39.41,2024,2024
2MASS J16262785-2625152,1,12.2,4862.77,2026,2026
Kepler-1099,1,2.83,8.4,2016,2016
HATS-69,1,10.59,183.39,2018,2018
K2-340,1,3.36,11.2,2021,2021
K2-333,1,6.18,31.6,2021,2021
K2-124,1,2.9,8.75,2017,2017
Kepler-443,1,2.33,6.04,2015,2015
HD 97037,1,12.1,6707.77,2022,2022
Kepler-498,1,3.03,9.43,2016,2016
HD 88986,1,2.49,17.2,2023,2023
HD 23596,1,12.4,3786.61,2003,2003
Kepler-849,1,8.08,298.76,2016,2016
Kepler-869,1,3.61,12.7,2016,2016
Kepler-932,1,1.37,2.45,2016,2016
Kepler-933,1,2.46,6.62,2016,2016
HD 16175,1,12.8,1875.19,2009,2009
Kepler-995,1,2.7,7.75,2016,2016
NGTS-21,1,14.91,750.08,2022,2022
NGTS-6,1,14.86,425.57,2019,2019
OGLE-2012-BLG-0838L,1,8.39,53.1,2020,2020
OGLE-2015-BLG-0954L,1,13.1,1100.0,2016,2016
OGLE-2017-BLG-1237L,1,13.0,1207.75,2024,2024
TOI-4552,1,1.11,1.83,2026,2026
TIC 139702105,1,2.45,6.59,2026,2026
TIC 206466666,1,2.15,5.26,2026,2026
TOI-1235,1,1.69,6.69,2020,2020
HATS-39,1,17.6,200.23,2018,2018
TOI-1648,1,2.54,7.4,2025,2025
TOI-2180,1,11.32,875.62,2022,2022
TOI-2274,1,2.45,6.57,2024,2024
TOI-2449,1,11.24,222.0,2025,2025
TOI-3682,1,12.8,69.29,2025,2025
HATS-32,1,14.0,292.4,2016,2016
TOI-5181 A,1,13.35,330.54,2025,2025
TOI-564,1,11.43,464.99,2020,2020
TOI-5938,1,3.82,14.0,2026,2026
TOI-6016,1,13.67,371.86,2024,2024
TOI-7009,1,3.71,13.3,2026,2026
HATS-13,1,13.59,172.58,2015,2015
HAT-P-8,1,15.69,406.82,2008,2008
HAT-P-4,1,14.28,213.26,2007,2007
V0391 Peg,1,13.1,1017.06,2007,2007
WASP-102,1,14.91,197.69,2025,2025
WASP-54,1,17.71,187.52,2012,2012
WASP-67,1,12.89,136.67,2012,2012
psi1 Dra B,1,13.5,486.28,2015,2015
BD-14 3065 A,1,21.59,3932.0,2024,2024
GJ 724,1,3.27,10.75,2023,2023
Gl 410,1,2.83,8.4,2025,2025
HATS-74 A,1,11.57,464.03,2021,2021
HD 152581,1,13.4,594.02,2011,2011
WASP-50,1,13.07,466.83,2011,2011
HD 35759,1,13.0,1195.04,2016,2016
WASP-141,1,13.56,854.96,2016,2016
HIP 39017,1,12.0,7500.75,2024,2024
HIP 97233,1,12.1,6098.17,2014,2014
TrES-3,1,14.98,607.03,2007,2007
TOI-907,1,9.62,67.0,2024,2024
K2-351,1,2.54,6.99,2021,2021
KELT-2 A,1,15.13,540.31,2012,2012
KIC 8121913,1,13.4,667.44,2021,2021
KMT-2024-BLG-2059L,1,2.54,6.99,2025,2025
HD 307842,1,1.93,9.67,2023,2023
TOI-5218,1,9.86,657.0,2024,2024
Kepler-1024,1,3.91,14.5,2016,2016
TOI-519,1,11.55,147.15,2021,2021
Kepler-1189,1,1.77,3.78,2016,2016
Kepler-1201,1,2.29,5.86,2016,2016
Kepler-1214,1,2.36,6.17,2016,2016
Kepler-1327,1,1.8,3.89,2016,2016
Kepler-1339,1,0.71,0.28,2016,2016
Kepler-1548,1,2.64,7.46,2016,2016
Kepler-1589,1,1.09,1.32,2016,2016
Kepler-1597,1,1.06,1.2,2016,2016
Kepler-1630,1,2.19,5.43,2016,2016
Kepler-1638,1,1.87,4.16,2016,2016
Kepler-1712,1,2.28,5.83,2021,2021
Kepler-1724,1,2.84,8.43,2021,2021
Kepler-1729,1,3.89,14.4,2021,2021
Kepler-1740,1,3.32,11.0,2021,2021
Kepler-1774,1,3.18,10.2,2021,2021
Kepler-1783,1,1.32,2.3,2021,2021
Kepler-1883,1,3.25,10.6,2021,2021
Kepler-442,1,1.34,2.36,2015,2015
TOI-4551,1,11.86,473.56,2023,2023
TOI-3688 A,1,13.08,311.47,2023,2023
TOI-3353,1,2.67,7.59,2024,2024
TOI-2084,1,2.47,6.66,2023,2023
TOI-1883,1,5.65,27.2,2024,2024
TOI-1768,1,3.45,11.8,2024,2024
TOI-1279,1,2.66,10.6,2024,2024
Kepler-506,1,2.73,7.9,2016,2016
Kepler-517,1,2.67,7.61,2016,2016
Kepler-559,1,3.61,12.7,2016,2016
TOI-1184,1,2.39,6.8,2024,2024
Kepler-685,1,10.58,78.8,2016,2016
Kepler-738,1,2.5,6.8,2016,2016
Kepler-779,1,0.92,0.72,2016,2016
TIC 154870955,1,3.09,9.77,2026,2026
MOA-2013-BLG-605L,1,1.62,3.24,2016,2016
NGTS-1,1,14.91,258.08,2017,2017
NGTS-13,1,12.8,1538.3,2021,2021
OGLE-2005-BLG-390L,1,2.21,5.5,2005,2005
OGLE-2013-BLG-0911L,1,12.5,3020.0,2019,2019
OGLE-2018-BLG-1212L,1,9.32,63.57,2022,2022
TIC 86380416,1,2.41,6.4,2026,2026
TOI-1411,1,1.2,2.0,2022,2022
OGLE-2017-BLG-1140L,1,13.5,505.0,2018,2018
TOI-1751,1,2.95,19.5,2024,2024
TOI-2374,1,7.49,61.66,2024,2024
TOI-3464,1,13.76,397.29,2025,2025
TOI-3474,1,14.67,193.88,2025,2025
LHS 3844,1,1.29,2.37,2019,2019
WASP-110,1,13.19,154.78,2021,2021
WASP-13,1,13.67,114.42,2009,2009
WASP-145 A,1,10.09,282.87,2018,2018
WASP-88,1,16.37,133.49,2014,2014
ome Ser,1,14.0,233.92,2013,2013
DS Tuc A,1,5.7,413.18,2019,2019
Kepler-983,1,2.36,6.17,2016,2016
GJ 1252,1,1.19,1.32,2020,2020
GSC 06214-00210,1,20.18,5000.0,2010,2010
HATS-40,1,17.71,505.35,2018,2018
HATS-58 A,1,12.27,327.36,2019,2019
HD 111998,1,12.9,1525.58,2016,2016
Kepler-761,1,2.03,4.78,2016,2016
Kepler-745,1,2.16,5.31,2016,2016
HD 2039,1,12.7,1999.15,2002,2002
HD 27442,1,13.5,495.8,2000,2000
HD 6434,1,14.2,155.74,2003,2003
HD 8574,1,13.4,645.19,2002,2002
HIP 90988,1,13.4,668.08,2021,2021
Kepler-606,1,3.31,11.0,2016,2016
K2-149,1,1.64,3.33,2018,2018
Kepler-574,1,2.39,6.3,2016,2016
K2-338,1,1.03,1.08,2021,2021
K2-405,1,4.57,18.9,2022,2022
KMT-2016-BLG-2142L,1,12.2,4923.0,2018,2018
Kepler-531,1,2.78,8.15,2016,2016
KMT-2021-BLG-2478L,1,13.9,286.05,2023,2023
KMT-2023-BLG-1454L,1,14.1,200.23,2024,2024
Kepler-1170,1,2.41,6.39,2016,2016
Kepler-1243,1,1.75,3.71,2016,2016
Kepler-513,1,2.2,5.48,2016,2016
Kepler-1402,1,0.76,0.36,2016,2016
Kepler-1404,1,2.01,4.7,2016,2016
Kepler-1416,1,0.88,0.62,2016,2016
Kepler-1507,1,0.84,0.52,2016,2016
Kepler-1517,1,9.76,68.7,2016,2016
Kepler-1618,1,1.26,2.13,2016,2016
Kepler-1917,1,1.89,4.23,2021,2021
Kepler-1681,1,2.55,7.05,2020,2020
Kepler-1711,1,1.92,4.36,2021,2021
Kepler-1924,1,2.65,7.53,2021,2021
Kepler-1938,1,1.83,4.0,2021,2021
Kepler-1978,1,2.67,7.61,2023,2023
Kepler-1998,1,0.6,0.16,2023,2023
Kepler-1867,1,1.16,1.65,2021,2021
Kepler-1623,1,1.31,2.27,2016,2016
Kepler-1620,1,1.61,3.22,2016,2016
Kepler-1506,1,1.32,2.3,2016,2016
Kepler-434,1,12.67,908.96,2015,2015
Kepler-1395,1,0.8,0.44,2016,2016
Kepler-1317,1,1.56,3.05,2016,2016
Kepler-601,1,1.9,4.27,2016,2016
Kepler-1309,1,2.37,6.21,2016,2016
Kepler-727,1,2.53,6.94,2016,2016
Kepler-773,1,1.43,2.63,2016,2016
Kepler-922,1,1.42,2.6,2016,2016
MOA-2010-BLG-353L,1,11.1,86.0,2015,2015
OGLE-TR-182,1,12.67,321.0,2007,2007
POTS-1,1,10.55,734.16,2013,2013
Qatar-8,1,14.4,117.91,2019,2019
TIC 38825265,1,2.19,5.43,2026,2026
Kepler-1295,1,1.55,3.02,2016,2016
TOI-1994,1,13.67,7024.01,2024,2024
TOI-2257,1,2.19,5.45,2021,2021
TOI-329,1,4.94,40.4,2024,2024
TOI-4662,1,2.88,8.65,2026,2026
TOI-540,1,0.9,0.67,2020,2020
TOI-5713,1,1.77,3.78,2024,2024
TOI-883,1,7.17,40.7,2026,2026
WASP-135,1,14.57,603.88,2015,2015
WASP-74,1,15.24,228.84,2015,2015
Kepler-1229,1,1.4,2.54,2016,2016
6 Lyn,1,13.4,597.84,2008,2008
70 Vir,1,12.6,2380.45,1996,1996
AF Lep,1,13.0,1147.36,2023,2023
Kepler-1163,1,1.03,1.08,2016,2016
GJ 9714,1,12.5,2988.54,2022,2022
HAT-P-50,1,14.44,429.07,2015,2015
HAT-P-9,1,15.61,238.05,2008,2008
HATS-50,1,12.67,123.95,2017,2017
HD 10975,1,14.3,143.02,2021,2021
Kepler-1097,1,3.26,10.7,2016,2016
HD 144899,1,4.77,20.34,2022,2022
Kepler-1074,1,1.25,2.1,2016,2016
KMT-2021-BLG-1150L,1,13.9,279.69,2023,2023
HD 194490,1,12.4,3561.9,2022,2022
HD 29985,1,12.8,1739.47,2022,2022
HD 40956,1,13.2,858.14,2017,2017
HD 75289,1,14.2,155.74,1999,1999
KMT-2018-BLG-1976L,1,13.3,705.58,2021,2021
KMT-2017-BLG-1057L,1,5.19,23.5,2024,2024
HIP 67537,1,12.3,4309.12,2017,2017
K2-118,1,2.54,6.99,2017,2017
K2-161,1,6.12,31.1,2018,2018
K2-344,1,1.59,3.15,2021,2021
K2-53,1,2.6,7.27,2016,2016
KMT-2016-BLG-1820L,1,12.9,1450.0,2018,2018
KMT-2018-BLG-1988L,1,2.22,5.56,2022,2022
Kepler-1026,1,2.21,5.52,2016,2016
Kepler-1033,1,2.51,6.85,2016,2016
Kepler-1216,1,1.39,2.51,2016,2016
Kepler-1211,1,2.55,7.04,2016,2016
HIP 54597,1,13.3,762.79,2023,2023
Kepler-1294,1,3.19,10.3,2016,2016
Kepler-1325,1,2.86,8.55,2016,2016
Kepler-1378,1,2.2,5.48,2016,2016
Kepler-1391,1,1.68,3.46,2016,2016
Kepler-1503,1,2.27,5.77,2016,2016
Kepler-1526,1,2.43,6.48,2016,2016
Kepler-1772,1,2.69,7.68,2021,2021
Kepler-1790,1,3.14,10.0,2021,2021
K2-371,1,13.02,,2022,2022
Kepler-1849,1,2.39,6.29,2021,2021
Kepler-1910,1,1.18,1.78,2021,2021
Kepler-1950,1,1.53,2.95,2021,2021
K2-349,1,1.38,2.48,2021,2021
K2-231,1,2.5,6.8,2018,2018
Kepler-473,1,4.08,15.6,2016,2016
Kepler-483,1,3.21,10.4,2016,2016
Kepler-6,1,14.62,212.31,2009,2009
Kepler-602,1,2.09,5.02,2016,2016
Kepler-612,1,2.84,8.45,2016,2016
Kepler-639,1,2.38,6.26,2016,2016
Kepler-649,1,2.26,5.73,2016,2016
Kepler-735,1,2.95,9.01,2016,2016
Kepler-884,1,1.23,2.04,2016,2016
Kepler-955,1,3.13,9.96,2016,2016
OGLE-2016-BLG-1195L,1,1.11,1.43,2017,2017
TIC 257060897,1,17.26,201.5,2021,2021
TOI-1180,1,3.07,10.0,2024,2024
K2-230,1,1.96,4.5,2018,2018
TOI-1814,1,5.19,23.5,2026,2026
TOI-2068,1,1.82,3.97,2024,2024
TOI-3321,1,15.56,176.08,2024,2024
TOI-4638,1,2.93,8.92,2024,2024
TOI-5614,1,3.22,10.4,2026,2026
WASP-169,1,14.62,178.3,2019,2019
kap CrB,1,13.4,635.66,2007,2007
tau Gem,1,12.1,6547.0,2013,2013
BD+55 362,1,14.0,228.84,2021,2021
EPIC 206215704,1,1.0,0.97,2019,2019
GJ 625,1,1.49,2.82,2017,2017
HAT-P-22,1,12.89,785.04,2010,2010
HATS-38,1,6.88,23.52,2020,2020
HATS-52,1,15.49,711.94,2017,2017
HATS-55,1,14.02,292.72,2019,2019
K2-181,1,2.69,7.7,2018,2018
K2-126,1,1.97,4.54,2017,2017
HIP 81208 C,1,12.3,4703.86,2023,2023
HD 47536,1,12.6,2330.0,2002,2002
HIP 21152,1,12.0,7627.88,2022,2022
K2-177,1,2.12,5.13,2018,2018
K2-354,1,1.56,3.05,2021,2021
K2-54,1,2.61,7.33,2016,2016
HIP 70849,1,12.9,1430.23,2009,2009
KELT-20,1,19.51,1074.9,2017,2017
KMT-2018-BLG-0885L,1,11.9,9217.02,2023,2023
Kepler-1064,1,1.55,3.02,2016,2016
Kepler-1095,1,1.21,1.92,2016,2016
Kepler-1151,1,2.22,5.56,2016,2016
Kepler-1169,1,0.94,0.78,2016,2016
Kepler-1198,1,1.47,2.76,2016,2016
Kepler-1233,1,2.6,7.27,2016,2016
Kepler-1240,1,1.15,1.6,2016,2016
Kepler-1282,1,1.55,3.02,2016,2016
Kepler-1288,1,1.12,1.46,2016,2016
Kepler-1289,1,1.52,2.92,2016,2016
Kepler-1330,1,1.65,3.36,2016,2016
HD 142245,1,13.1,975.74,2011,2011
Kepler-1349,1,0.7,0.27,2016,2016
Kepler-1407,1,2.25,5.69,2016,2016
Kepler-1420,1,1.28,2.18,2016,2016
Kepler-1465,1,1.77,3.78,2016,2016
Kepler-1502,1,3.18,10.2,2016,2016
Kepler-1592,1,1.54,2.99,2016,2016
Kepler-1654,1,9.18,158.92,2018,2018
Kepler-1664,1,3.03,9.45,2020,2020
Kepler-1672,1,2.97,9.11,2020,2020
Kepler-1686,1,1.43,2.62,2020,2020
Kepler-1794,1,1.79,3.87,2021,2021
Kepler-1848,1,1.41,2.57,2021,2021
HD 87883,1,12.7,2005.5,2009,2009
HD 38283,1,14.0,127.13,2010,2010
Kepler-505,1,2.6,7.27,2016,2016
Kepler-533,1,3.38,11.4,2016,2016
Kepler-618,1,2.6,7.27,2016,2016
Kepler-632,1,2.21,5.52,2016,2016
Kepler-766,1,3.39,11.4,2016,2016
Kepler-782,1,3.21,10.4,2016,2016
Kepler-822,1,1.77,3.78,2016,2016
Kepler-844,1,1.68,3.46,2016,2016
Kepler-883,1,1.78,3.82,2016,2016
Kepler-910,1,0.82,0.48,2016,2016
Kepler-964,1,2.12,5.14,2016,2016
MOA-2011-BLG-262L,1,4.29,17.0,2014,2014
OGLE-2012-BLG-0358L,1,13.4,588.0,2013,2013
PSR J1719-1438,1,,382.8,2011,2011
Pr0201,1,14.2,171.63,2012,2012
TOI-1333,1,15.65,753.26,2021,2021
TOI-2031 A,1,14.2,254.26,2025,2025
TOI-5340,1,15.08,270.15,2025,2025
TOI-5720,1,1.09,4.3,2024,2024
TOI-5728,1,1.31,2.27,2025,2025
TOI-5736,1,1.56,3.05,2025,2025
TOI-615,1,18.98,138.26,2023,2023
TOI-682,1,3.74,13.5,2021,2021
HD 27969,1,12.9,1525.58,2021,2021
WASP-117,1,11.88,95.35,2014,2014
WASP-4,1,15.12,381.39,2007,2007
HD 205158,1,13.9,124.59,2022,2022
gam1 Leo,1,12.5,2790.43,2009,2009
2MASS J0249-0557 A,1,17.37,3616.89,2018,2018
2MASS J11011926-7732383,1,11.9,8899.2,2024,2024
CoRoT-13,1,9.92,415.7,2010,2010
GJ 86,1,12.9,1404.81,1999,1999
GJ 9773,1,14.2,172.58,2025,2025
HAT-P-28,1,13.59,198.95,2011,2011
HAT-P-60,1,18.28,182.43,2021,2021
HATS-2,1,12.58,435.42,2013,2013
HATS-34,1,16.03,299.08,2016,2016
HD 132406,1,12.8,1887.9,2007,2007
HD 136118,1,12.3,4164.19,2022,2022
HD 158038,1,13.5,486.28,2011,2011
HD 167042,1,13.6,444.01,2007,2007
HD 180902,1,13.5,535.54,2009,2009
HD 29399,1,13.5,498.99,2022,2022
K2-107,1,15.98,266.98,2017,2017
K2-184,1,1.47,2.76,2018,2018
K2-186,1,3.17,10.2,2018,2018
K2-380,1,2.73,7.89,2022,2022
K2-402,1,2.68,7.65,2022,2022
DMPP-7,1,9.13,61.39,2026,2026
KMT-2017-BLG-1146L,1,14.0,230.0,2019,2019
KMT-2021-BLG-1554L,1,6.9,38.14,2022,2022
KMT-2025-BLG-1616L,1,7.34,42.32,2026,2026
Kepler-1044,1,2.67,7.61,2016,2016
Kepler-1049,1,0.95,0.81,2016,2016
Kepler-1096,1,1.24,2.07,2016,2016
Kepler-1146,1,1.23,2.04,2016,2016
Kepler-1153,1,1.73,3.64,2016,2016
Kepler-1272,1,2.37,6.21,2016,2016
Kepler-1541,1,1.16,1.65,2016,2016
HATS-57,1,12.77,1000.21,2019,2019
Kepler-1688,1,1.26,2.13,2020,2020
Kepler-1754,1,2.44,6.53,2021,2021
Kepler-1768,1,2.23,5.62,2021,2021
Kepler-1926,1,2.31,5.97,2021,2021
Kepler-453,1,6.2,16.0,2015,2015
HATS-49,1,8.57,112.19,2020,2020
Kepler-615,1,1.74,3.68,2016,2016
Kepler-640,1,2.56,7.08,2016,2016
Kepler-667,1,4.73,20.1,2016,2016
Kepler-691,1,2.09,5.02,2016,2016
Kepler-709,1,2.92,8.85,2016,2016
Kepler-715,1,3.75,13.5,2016,2016
Kepler-728,1,3.34,11.1,2016,2016
Kepler-76,1,15.24,638.84,2013,2013
Kepler-858,1,4.87,21.1,2016,2016
Kepler-899,1,2.68,7.65,2016,2016
OGLE-2006-BLG-284L A,1,14.3,144.0,2020,2020
OGLE-2018-BLG-0532L,1,2.37,6.23,2020,2020
TOI-1696,1,3.09,48.8,2022,2022
TOI-2136,1,2.19,6.37,2022,2022
TOI-244,1,1.52,2.68,2023,2023
TOI-2992,1,13.75,1058.37,2025,2025
TOI-3261,1,3.82,30.3,2024,2024
TOI-4153,1,16.12,365.5,2024,2024
TOI-4364,1,2.01,4.7,2025,2025
TOI-4443,1,1.72,3.6,2024,2024
TOI-4930,1,6.93,38.4,2026,2026
TOI-5232,1,12.78,743.72,2024,2024
TOI-5678,1,4.91,20.0,2023,2023
HATS-15,1,12.39,689.69,2016,2016
WASP-12,1,22.03,467.21,2008,2008
WASP-151,1,13.31,100.43,2017,2017
WASP-16,1,13.67,394.11,2009,2009
WASP-170,1,12.29,508.53,2018,2018
WASP-195,1,10.31,33.05,2025,2025
WASP-197,1,14.45,403.32,2025,2025
WASP-24,1,15.47,394.11,2010,2010
XO-7,1,15.39,225.34,2019,2019
eps Eri,1,14.1,209.77,2000,2000
omi UMa,1,13.0,1160.39,2012,2012
CoRoT-14,1,12.22,2415.4,2010,2010
HAT-P-63,1,12.54,195.15,2021,2021
HATS-30,1,13.17,224.39,2016,2016
HATS-63,1,13.53,305.12,2018,2018
HD 13189,1,12.4,3480.24,2005,2005
HD 220689,1,13.7,381.39,2012,2012
HD 22781,1,12.3,4338.2,2011,2011
BD-17 63,1,12.8,1639.99,2008,2008
HD 46375,1,10.0,71.8,2000,2000
HD 4917,1,13.5,513.3,2018,2018
HD 95872,1,13.0,1188.68,2015,2015
HD 97048,1,13.3,794.58,2019,2019
K2-232,1,11.21,126.5,2018,2018
K2-416,1,2.66,1652.71,2023,2023
KMT-2019-BLG-0297L,1,12.1,6038.74,2023,2023
Kepler-1053,1,0.98,0.9,2016,2016
Kepler-1397,1,1.72,3.61,2016,2016
Kepler-1432,1,2.22,5.56,2016,2016
Kepler-1449,1,1.68,3.46,2016,2016
Kepler-1575,1,1.31,2.27,2016,2016
Kepler-1580,1,2.11,5.1,2016,2016
Kepler-1723,1,2.88,8.65,2021,2021
Kepler-635,1,2.64,7.46,2016,2016
Kepler-672,1,2.5,6.8,2016,2016
Kepler-700,1,5.99,30.0,2016,2016
Kepler-835,1,2.79,8.2,2016,2016
Kepler-836,1,2.73,7.9,2016,2016
Kepler-862,1,2.21,5.52,2016,2016
Kepler-881,1,1.78,3.82,2016,2016
Kepler-909,1,1.47,2.76,2016,2016
Kepler-958,1,2.06,4.9,2016,2016
NGTS-14 A,1,4.98,29.24,2021,2021
NGTS-24,1,13.61,165.27,2022,2022
OGLE-2016-BLG-1266L,1,12.4,3813.94,2018,2018
OGLE-2017-BLG-0640L,1,13.5,514.88,2024,2024
TIC 161045582,1,2.25,5.67,2026,2026
TIC 241249530,1,13.29,1582.79,2024,2024
TOI-1516,1,15.24,1004.34,2022,2022
TOI-2184,1,11.4,206.59,2022,2022
TOI-2977,1,13.16,533.95,2023,2023
TOI-3862,1,5.53,53.7,2026,2026
TOI-4030,1,5.85,28.8,2026,2026
TOI-4527,1,0.91,0.69,2024,2024
TOI-4603,1,11.68,4096.81,2023,2023
TOI-4860,1,8.7,86.7,2023,2023
TOI-6707,1,5.73,27.8,2026,2026
WASP-15,1,15.8,171.63,2009,2009
WASP-5,1,12.18,502.15,2008,2008
Kepler-1157,1,1.09,1.32,2016,2016
HD 190647,1,13.4,630.89,2007,2007
Kepler-1983,1,2.33,6.04,2023,2023
HAT-P-66,1,17.82,248.86,2016,2016
Kepler-1653,1,2.17,5.35,2017,2017
Kepler-1591,1,1.27,2.15,2016,2016
Kepler-1479,1,1.83,4.01,2016,2016
Kepler-1348,1,1.94,4.42,2016,2016
Kepler-1238,1,1.93,4.38,2016,2016
Kepler-1191,1,1.51,2.89,2016,2016
KOI-4978,1,0.7,0.27,2024,2024
KMT-2024-BLG-1281L,1,4.59,19.07,2025,2025
Kepler-542,1,1.57,3.09,2016,2016
KMT-2021-BLG-1105L,1,13.6,413.18,2023,2023
Kepler-599,1,2.84,8.45,2016,2016
KMT-2017-BLG-2197L,1,12.5,2809.6,2025,2025
KELT-1,1,12.44,8654.15,2012,2012
Kepler-645,1,2.1,5.06,2016,2016
Kepler-680,1,2.42,6.44,2016,2016
Kepler-696,1,6.14,31.3,2016,2016
Kepler-843,1,2.59,7.22,2016,2016
K2-319,1,2.79,8.2,2020,2020
Kepler-900,1,2.08,4.98,2016,2016
Kepler-925,1,2.34,6.08,2016,2016
Kepler-936,1,1.45,2.7,2016,2016
MOA-2009-BLG-319L,1,9.64,67.3,2010,2010
NGTS-25,1,11.47,203.09,2022,2022
K2-260,1,18.42,546.66,2018,2018
OGLE-2015-BLG-0051L,1,14.0,230.0,2016,2016
OGLE-2018-BLG-0962L,1,13.6,425.89,2021,2021
TIC 172900988 Aa,1,11.25,942.0,2021,2021
HR 5183,1,13.1,1052.01,2019,2019
HD 564,1,12.5,104.88,2014,2014
TOI-1718,1,4.11,15.8,2026,2026
HD 29021,1,12.9,1420.69,2017,2017
TOI-3757,1,12.0,85.3,2022,2022
TOI-4507,1,8.2,20.0,2025,2025
TOI-5174,1,5.35,24.8,2022,2022
TOI-5542,1,11.31,419.53,2022,2022
TOI-5882,1,11.47,6995.4,2025,2025
TOI-733,1,1.99,5.72,2023,2023
TOI-782,1,2.73,19.1,2024,2024
WASP-154,1,10.76,198.96,2025,2025
WASP-65,1,12.46,492.62,2013,2013
GJ 674,1,3.33,11.09,2007,2007
GJ 685,1,2.95,9.0,2019,2019
HAT-P-20,1,9.72,2302.9,2010,2010
HATS-24,1,15.64,718.3,2017,2017
HD 13167,1,13.1,1052.02,2018,2018
HD 208897,1,13.7,379.49,2017,2017
HD 212771,1,13.3,759.61,2009,2009
HD 130322,1,13.7,365.49,1999,1999
HATS-23,1,20.85,467.21,2017,2017
HD 66141,1,12.8,1906.9,2012,2012
HD 7449,1,12.6,2597.93,2011,2011
OGLE-2003-BLG-235L,1,13.2,830.0,2004,2004
K2-147,1,1.47,2.77,2018,2018
DMPP-4,1,3.53,12.2,2023,2023
mu Leo,1,13.3,762.8,2014,2014
K2-272,1,3.13,9.96,2018,2018
K2-403,1,5.33,24.6,2022,2022
KELT-12,1,19.95,301.94,2017,2017
KMT-2021-BLG-1303L,1,13.6,120.77,2022,2022
KMT-2021-BLG-1547L,1,13.6,467.21,2023,2023
KMT-2022-BLG-0303L,1,14.2,163.05,2024,2024
WASP-95,1,13.79,457.68,2014,2014
WASP-81,1,16.02,231.7,2017,2017
WASP-6,1,12.54,148.43,2009,2009
Kepler-1081,1,1.01,1.01,2016,2016
TOI-7008,1,4.95,21.7,2026,2026
Kepler-1094,1,3.18,10.2,2016,2016
Kepler-1105,1,2.01,4.7,2016,2016
TOI-6478,1,4.6,19.2,2025,2025
TOI-4377,1,15.11,304.16,2023,2023
Kepler-1171,1,2.56,7.08,2016,2016
Kepler-1358,1,1.12,1.46,2016,2016
Kepler-1366,1,1.43,2.63,2016,2016
Kepler-1438,1,0.94,0.78,2016,2016
Kepler-1469,1,2.8,8.25,2016,2016
Kepler-1717,1,2.99,9.21,2021,2021
Kepler-1735,1,1.19,1.84,2021,2021
Kepler-1749,1,1.61,3.23,2021,2021
Kepler-1773,1,3.5,12.1,2021,2021
Kepler-1776,1,2.61,7.33,2021,2021
Kepler-1788,1,2.38,6.25,2021,2021
TOI-2337,1,10.09,508.53,2022,2022
Kepler-1822,1,2.65,7.5,2021,2021
Kepler-1842,1,2.35,6.14,2021,2021
TOI-128,1,2.22,5.56,2024,2024
TOI-1105,1,3.06,9.58,2026,2026
Kepler-465,1,2.95,9.01,2016,2016
Kepler-510,1,2.47,6.66,2016,2016
Kepler-646,1,1.99,4.62,2016,2016
Kepler-721,1,2.64,7.46,2016,2016
Kepler-818,1,5.11,22.9,2016,2016
TOI-1036,1,6.28,32.5,2026,2026
Kepler-875,1,2.9,8.75,2016,2016
Kepler-889,1,1.09,1.32,2016,2016
Qatar-5,1,12.41,1373.03,2017,2017
NGC 2682 YBP 1194,1,12.3,101.71,2014,2014
NGTS-32,1,15.92,181.16,2025,2025
NGTS-33,1,18.38,1153.72,2024,2024
OGLE-2015-BLG-0966L,1,4.86,21.0,2016,2016
OGLE-2015-BLG-1649L,1,13.2,807.0,2019,2019
Qatar-1,1,12.81,411.27,2010,2010
TOI-1478,1,11.99,279.69,2021,2021
TOI-1777,1,2.25,5.67,2024,2024
TOI-198,1,1.36,3.17,2023,2023
TOI-2071,1,2.56,7.1,2026,2026
TOI-2589,1,12.11,1112.4,2023,2023
TOI-2714,1,13.72,228.0,2024,2024
TOI-481,1,11.1,486.28,2020,2020
OGLE-2007-BLG-368L,1,4.72,20.0,2009,2009
WASP-129,1,10.42,317.83,2016,2016
14 And,1,13.1,1131.15,2008,2008
BD+37 3172,1,12.4,3368.98,2023,2023
OGLE-2005-BLG-169L,1,3.84,14.1,2006,2006
EPIC 201170410,1,1.05,1.15,2020,2020
LSPM J2116+0234,1,3.71,13.3,2019,2019
MOA-2015-BLG-337L,1,6.42,33.7,2018,2018
GJ 1151,1,3.25,10.62,2023,2023
HAT-P-14,1,15.92,1093.34,2010,2010
HD 120084,1,12.7,2034.1,2013,2013
MOA-2007-BLG-400L,1,13.5,540.31,2008,2008
Kepler-1665,1,2.84,8.44,2020,2020
Kepler-993,1,2.97,9.11,2016,2016
HD 191806,1,12.5,2966.61,2016,2016
HD 210277,1,13.6,410.0,1998,1998
HD 219666,1,4.9,17.6,2018,2018
HD 221420,1,12.0,7278.27,2019,2019
HD 238090,1,2.52,6.89,2020,2020
HD 31253,1,14.1,197.05,2010,2010
HD 5608,1,13.7,371.22,2012,2012
HD 6061,1,2.43,10.0,2023,2023
HD 89345,1,7.4,34.96,2018,2018
HD 98649,1,12.5,3082.94,2012,2012
HIP 948,1,12.1,6547.27,2022,2022
ITG 15 A,1,12.1,6674.4,2024,2024
K2-101,1,2.0,4.66,2016,2016
K2-152,1,2.29,5.86,2018,2018
K2-176,1,1.49,2.83,2018,2018
K2-200,1,1.36,2.43,2018,2018
Kepler-960,1,2.29,5.86,2016,2016
K2-52,1,18.0,,2016,2016
Kepler-921,1,2.87,8.6,2016,2016
Kepler-1014,1,2.39,6.3,2016,2016
Kepler-1166,1,1.69,3.5,2016,2016
Kepler-1172,1,3.2,10.3,2016,2016
Kepler-1183,1,2.82,8.35,2016,2016
Kepler-811,1,2.7,7.75,2016,2016
Kepler-798,1,2.39,6.3,2016,2016
Kepler-1343,1,1.93,4.38,2016,2016
Kepler-1383,1,1.41,2.57,2016,2016
Kepler-1436,1,1.31,2.27,2016,2016
Kepler-1461,1,2.03,4.78,2016,2016
Kepler-1511,1,1.68,3.46,2016,2016
Kepler-1613,1,2.08,4.98,2016,2016
Kepler-1716,1,2.42,6.46,2021,2021
Kepler-1781,1,2.38,6.26,2021,2021
Kepler-1932,1,1.51,2.91,2021,2021
Kepler-1937,1,3.02,9.39,2021,2021
Kepler-1942,1,2.12,5.13,2021,2021
Kepler-1981,1,9.23,62.5,2023,2023
Kepler-634,1,1.89,4.23,2016,2016
Kepler-447,1,18.49,435.41,2015,2015
Kepler-1945,1,1.29,2.21,2021,2021
Kepler-1811,1,3.85,14.1,2021,2021
Kepler-499,1,2.17,5.35,2016,2016
Kepler-66,1,2.8,8.25,2013,2013
Kepler-717,1,2.42,6.44,2016,2016
Kepler-734,1,3.56,12.4,2016,2016
Kepler-1757,1,2.95,8.99,2021,2021
Kepler-781,1,2.89,8.7,2016,2016
Kepler-810,1,1.93,4.38,2016,2016
Kepler-871,1,3.74,13.5,2016,2016
Kepler-911,1,2.6,7.27,2016,2016
Kepler-940,1,3.34,11.1,2016,2016
MOA-2012-BLG-505L,1,2.48,6.7,2017,2017
OGLE-2014-BLG-0124L,1,14.1,206.59,2015,2015
RR Cae,1,13.0,1334.89,2012,2012
TIC 290487717,1,6.64,35.7,2026,2026
TOI-1173,1,9.19,27.4,2024,2024
TOI-1301,1,2.48,6.7,2024,2024
TOI-2169 A,1,12.51,329.59,2025,2025
TOI-2768,1,2.63,7.41,2024,2024
Kepler-1017,1,1.99,4.62,2016,2016
Kepler-1609,1,2.22,5.56,2016,2016
TOI-4463 A,1,13.26,252.36,2023,2023
TOI-558,1,12.17,1147.36,2021,2021
TOI-5592,1,17.15,285.73,2025,2025
TOI-5634 A,1,10.42,588.0,2024,2024
TOI-5777,1,3.1,9.78,2026,2026
TOI-6448,1,8.47,54.0,2025,2025
Kepler-1925,1,3.0,9.28,2021,2021
WASP-193,1,14.78,35.6,2023,2023
WASP-21,1,11.99,95.35,2010,2010
WASP-29,1,8.63,73.1,2010,2010
WASP-62,1,14.8,165.27,2012,2012
WASP-7,1,14.91,305.12,2008,2008
alf Ari,1,13.4,572.07,2010,2010
tau Boo,1,12.8,1891.0,1996,1996
17 Sco,1,12.9,1373.02,2020,2020
GJ 463,1,13.1,1080.62,2022,2022
Kepler-1577,1,1.13,1.51,2016,2016
Kepler-1568,1,1.3,2.24,2016,2016
HD 190228,1,12.9,1598.68,2022,2022
HD 30562,1,13.6,467.21,2009,2009
HD 330075,1,14.3,152.56,2004,2004
Kepler-1564,1,1.47,2.76,2016,2016
HD 42012,1,13.5,508.53,2017,2017
Kepler-15,1,10.76,209.76,2011,2011
HD 64121,1,13.2,813.64,2022,2022
HD 68402,1,12.6,2510.84,2016,2016
K2-122,1,1.16,1.65,2017,2017
K2-123,1,2.76,8.05,2017,2017
K2-130,1,1.25,2.1,2017,2017
K2-153,1,2.0,4.66,2018,2018
Kepler-1473,1,1.19,1.81,2016,2016
K2-294,1,1.66,3.39,2019,2019
K2-341,1,3.21,10.4,2021,2021
KMT-2021-BLG-0322L,1,12.7,2034.1,2021,2021
KMT-2021-BLG-0909L,1,13.7,400.46,2023,2023
KMT-2024-BLG-2242L,1,3.82,13.98,2025,2025
Kepler-1104,1,1.23,2.04,2016,2016
Kepler-1156,1,1.32,2.3,2016,2016
Kepler-1200,1,1.06,1.2,2016,2016
Kepler-1258,1,0.86,0.57,2016,2016
Kepler-1280,1,1.87,4.16,2016,2016
Kepler-14,1,12.73,2669.66,2011,2011
Kepler-1531,1,1.11,1.41,2016,2016
Kepler-1586,1,1.52,2.92,2016,2016
Kepler-1588,1,0.76,0.36,2016,2016
Kepler-1622,1,1.47,2.76,2016,2016
Kepler-1670,1,3.36,11.2,2020,2020
Kepler-1684,1,2.87,8.6,2020,2020
Kepler-1720,1,3.22,10.4,2021,2021
Kepler-1722,1,2.87,8.58,2021,2021
Kepler-1764,1,4.56,18.8,2021,2021
Kepler-1896,1,3.1,9.8,2021,2021
Kepler-1372,1,1.27,2.15,2016,2016
Kepler-1318,1,3.11,9.85,2016,2016
Kepler-1228,1,1.54,2.99,2016,2016
Kepler-1140,1,2.77,8.1,2016,2016
Kepler-1092,1,2.07,4.94,2016,2016
Kepler-40,1,13.11,699.2,2010,2010
Kepler-426,1,12.22,108.06,2014,2014
Kepler-480,1,2.78,8.15,2016,2016
Kepler-664,1,2.66,7.56,2016,2016
HD 4760,1,12.3,4417.84,2021,2021
Kepler-839,1,2.57,7.13,2016,2016
Kepler-901,1,1.37,2.45,2016,2016
Kepler-979,1,2.72,7.85,2016,2016
MOA-2016-BLG-319L,1,14.1,200.0,2018,2018
Qatar-6,1,11.9,212.31,2017,2017
Ross 508,1,1.83,4.0,2022,2022
KMT-2022-BLG-1790L,1,13.5,549.84,2025,2025
TOI-2567,1,10.93,63.88,2022,2022
TOI-277,1,2.65,7.51,2022,2022
TOI-4137,1,13.57,457.67,2022,2022
KMT-2021-BLG-2294L,1,5.02,22.25,2022,2022
TOI-4582,1,10.54,168.45,2023,2023
TOI-4914,1,12.87,227.0,2024,2024
TOI-5005,1,6.25,32.7,2024,2024
TOI-530,1,9.3,127.13,2021,2021
TOI-5817,1,3.08,10.3,2025,2025
KMT-2017-BLG-1194L,1,1.7,3.54,2023,2023
TOI-672,1,5.31,50.9,2023,2023
TOI-849,1,3.64,41.8,2020,2020
BD-13 2130,1,12.5,3108.38,2007,2007
CoRoT-6,1,13.07,940.74,2009,2009
K2-60,1,7.66,135.4,2016,2016
GJ 1265,1,2.63,7.4,2018,2018
HAT-P-26,1,7.06,22.25,2010,2010
HAT-P-67,1,23.99,143.02,2017,2017
HD 14787,1,13.7,356.29,2018,2018
HD 149806,1,12.3,4003.68,2022,2022
HD 154391,1,12.5,2892.24,2023,2023
HD 154672,1,12.8,1706.75,2008,2008
HD 164595,1,4.16,16.14,2015,2015
HD 167768,1,13.9,270.15,2022,2022
K2-391,1,1.37,2.45,2022,2022
HD 208487,1,14.3,146.2,2004,2004
HD 28254,1,13.0,1207.75,2010,2010
K2-367,1,2.41,6.41,2022,2022
HD 56957,1,12.8,1880.91,2022,2022
HD 68475,1,12.8,1639.99,2026,2026
IC 4651 9122,1,12.7,2002.33,2018,2018
K2-140,1,13.56,295.58,2017,2017
K2-308,1,9.92,70.6,2019,2019
K2-174,1,2.6,7.27,2018,2018
K2-215,1,2.12,5.16,2018,2018
K2-263,1,2.51,15.4,2018,2018
K2-330,1,2.77,8.1,2021,2021
K2-406,1,4.6,19.2,2022,2022
K2-86,1,1.96,4.5,2016,2016
K2-88,1,1.23,2.04,2016,2016
KELT-10,1,15.68,215.81,2016,2016
KMT-2017-BLG-0849L,1,2.41,6.39,2024,2024
XEST 17-036,1,12.4,3368.98,2026,2026
Kepler-1160,1,2.14,5.22,2016,2016
Kepler-1190,1,1.33,2.33,2016,2016
Kepler-1227,1,2.29,5.86,2016,2016
Kepler-1241,1,2.63,7.41,2016,2016
Kepler-1244,1,1.35,2.39,2016,2016
Kepler-1287,1,1.54,2.99,2016,2016
K2-249,1,2.79,8.2,2018,2018
Kepler-1451,1,3.35,11.2,2016,2016
K2-191,1,1.58,3.12,2018,2018
Kepler-1631,1,1.35,2.39,2016,2016
Kepler-1636,1,3.23,10.5,2016,2016
Kepler-1637,1,0.89,0.64,2016,2016
Kepler-1667,1,2.98,9.19,2020,2020
Kepler-1841,1,1.49,2.82,2021,2021
Kepler-1912,1,1.36,2.41,2021,2021
Kepler-1916,1,2.62,7.35,2021,2021
Kepler-1929,1,3.07,9.65,2021,2021
Kepler-1953,1,1.29,2.2,2021,2021
Kepler-1969,1,1.68,3.47,2021,2021
Kepler-1984,1,6.81,37.3,2023,2023
HD 109286,1,13.2,950.31,2021,2021
Kepler-428,1,12.11,403.63,2014,2014
Kepler-767,1,6.64,35.7,2016,2016
Kepler-981,1,2.31,5.95,2016,2016
HD 290327,1,13.3,772.33,2009,2009
OGLE-2018-BLG-1126L,1,4.41,17.8,2022,2022
Ross 128,1,1.11,1.4,2017,2017
TIC 188624430,1,3.65,12.9,2026,2026
TIC 390586021,1,2.86,8.55,2026,2026
TOI-122,1,2.72,7.85,2020,2020
TOI-1691,1,3.66,14.6,2024,2024
TOI-2227,1,3.1,9.79,2026,2026
TOI-2497,1,11.14,1531.93,2023,2023
TOI-5108,1,6.6,32.0,2025,2025
TOI-6628,1,10.98,235.19,2025,2025
TOI-7166,1,2.01,4.7,2025,2025
WISE J033605.05-014350.4,1,12.6,2622.08,2023,2023
XO-5,1,12.78,378.2,2008,2008
CD Cet,1,1.82,3.95,2020,2020
G 261-6,1,1.1,1.37,2025,2025
HAT-P-45,1,15.98,283.49,2014,2014
HATS-37 A,1,6.79,31.47,2020,2020
HD 127506,1,5.67,27.33,2022,2022
HD 133131 B,1,13.3,794.58,2016,2016
HD 197037,1,13.9,251.0,2012,2012
HD 202206,1,12.2,5689.16,2004,2004
HD 216770,1,14.1,181.16,2003,2003
HD 216536,1,13.8,333.72,2015,2015
HD 8673,1,12.3,4210.59,2009,2009
K2-237,1,16.06,434.15,2018,2018
K2-326,1,2.28,5.82,2020,2020
K2-34,1,13.75,539.68,2016,2016
K2-4,1,2.1,5.06,2015,2015
HD 171028,1,13.2,832.71,2007,2007
KIC 7917485,1,12.4,3750.39,2016,2016
KMT-2021-BLG-0320L,1,6.2,31.78,2022,2022
KMT-2021-BLG-1770L,1,12.1,6674.4,2023,2023
KMT-2024-BLG-1005L,1,12.1,6674.4,2025,2025
Kepler-1008,1,1.28,2.18,2016,2016
Kepler-1046,1,1.71,3.57,2016,2016
Kepler-1082,1,1.12,1.46,2016,2016
Kepler-1264,1,1.18,1.76,2016,2016
Kepler-1300,1,1.37,2.45,2016,2016
Kepler-1333,1,2.81,8.3,2016,2016
Kepler-1360,1,3.4,11.5,2016,2016
Kepler-1374,1,2.29,5.86,2016,2016
Kepler-1376,1,1.05,1.16,2016,2016
Kepler-1413,1,1.82,3.97,2016,2016
Kepler-1446,1,0.82,0.48,2016,2016
Kepler-1458,1,2.76,8.05,2016,2016
HD 135694,1,2.86,6.1,2023,2023
Kepler-1495,1,2.94,8.96,2016,2016
Kepler-1500,1,1.2,1.87,2016,2016
Kepler-1573,1,1.2,1.87,2016,2016
HATS-75,1,9.91,156.05,2021,2021
Kepler-1651,1,1.84,4.04,2017,2017
Kepler-1679,1,2.07,4.93,2020,2020
Kepler-1687,1,1.66,3.38,2020,2020
Kepler-1756,1,1.47,2.77,2021,2021
Kepler-1876,1,0.85,2.4,2021,2021
Kepler-1895,1,2.12,5.14,2021,2021
Kepler-1913,1,1.52,2.92,2021,2021
Kepler-1915,1,3.22,10.4,2021,2021
Kepler-1960,1,1.31,2.26,2021,2021
TOI-6954,1,3.64,12.8,2026,2026
Kepler-790,1,2.18,5.39,2016,2016
Kepler-795,1,1.68,3.46,2016,2016
Kepler-888,1,1.76,3.75,2016,2016
Kepler-929,1,1.11,1.41,2016,2016
Kepler-938,1,2.22,5.56,2016,2016
MOA-bin-29,1,14.1,190.0,2019,2019
OGLE2-TR-L9,1,18.05,1430.18,2008,2008
TIC 87422071,1,10.86,410.0,2026,2026
TOI-1716,1,3.14,10.0,2024,2024
TOI-1728,1,5.05,26.78,2020,2020
TOI-1742,1,2.37,9.7,2024,2024
TOI-2200,1,6.96,38.7,2026,2026
TOI-2411,1,1.68,3.46,2022,2022
TOI-2416,1,9.86,953.49,2023,2023
TOI-2421,1,10.37,105.84,2022,2022
TOI-5616,1,10.78,624.0,2024,2024
TOI-6383 A,1,11.29,331.0,2024,2024
WASP-3,1,15.92,772.33,2007,2007
BD+15 2375,1,13.8,337.22,2016,2016
BD+45 564,1,13.6,432.25,2021,2021
BD-10 3166,1,14.1,187.52,2000,2000
CoRoT-1,1,16.7,327.35,2008,2008
DENIS-P J082303.1-491201,1,11.9,9057.77,2013,2013
GJ 504,1,12.11,1271.3,2013,2013
HATS-43,1,13.23,82.95,2018,2018
HD 103949,1,3.35,11.2,2019,2019
HIP 4845,1,3.89,14.4,2020,2020
HIP 94235,1,3.0,379.0,2022,2022
HN Lib,1,2.2,5.46,2023,2023
K2-211,1,1.33,2.33,2018,2018
K2-283,1,3.52,12.2,2018,2018
K2-292,1,2.63,24.5,2019,2019
K2-31,1,11.88,563.83,2016,2016
KIC 10525077,1,5.5,25.9,2015,2015
KMT-2017-BLG-2331L,1,14.2,171.0,2024,2024
KMT-2018-BLG-0247L,1,13.4,670.62,2022,2022
KMT-2019-BLG-1042L,1,9.05,60.39,2022,2022
KOI-3680,1,11.1,613.41,2018,2018
Kepler-1115,1,1.7,3.53,2016,2016
Kepler-1217,1,1.99,4.62,2016,2016
Kepler-1291,1,1.66,3.39,2016,2016
Kepler-1403,1,2.14,5.22,2016,2016
Kepler-1411,1,2.82,8.35,2016,2016
Kepler-1553,1,1.15,1.6,2016,2016
Kepler-1675,1,3.12,9.93,2020,2020
Kepler-1743,1,1.6,3.18,2021,2021
Kepler-1759,1,0.9,0.68,2021,2021
Kepler-1778,1,3.02,9.36,2021,2021
Kepler-1881,1,2.98,9.17,2021,2021
Kepler-413,1,4.35,67.0,2014,2014
Kepler-500,1,2.58,7.18,2016,2016
Kepler-630,1,3.18,10.2,2016,2016
Kepler-741,1,2.97,9.11,2016,2016
Kepler-756,1,1.12,1.46,2016,2016
Kepler-774,1,3.17,10.2,2016,2016
Kepler-809,1,3.01,9.32,2016,2016
Kepler-918,1,1.74,3.68,2016,2016
Kepler-923,1,1.38,2.48,2016,2016
LP 261-75 A,1,12.1,6674.4,2006,2006
OGLE-2018-BLG-1428L,1,14.0,240.0,2021,2021
OGLE-2018-BLG-1647L,1,13.8,308.29,2022,2022
OGLE-2019-BLG-0679L,1,13.1,1061.55,2023,2023
TOI-1054,1,2.43,6.5,2021,2021
TOI-2158,1,10.76,260.62,2022,2022
TOI-3235,1,11.4,211.36,2023,2023
TOI-4511,1,2.75,8.01,2026,2026
TOI-4578,1,2.27,5.77,2026,2026
TOI-6393,1,2.76,8.04,2026,2026
TYC 4282-00605-1,1,12.4,3426.21,2017,2017
WASP-104,1,12.75,404.26,2014,2014
WASP-77 A,1,13.56,529.31,2012,2012
WASP-92,1,16.38,255.85,2016,2016
K2-253,1,12.67,,2018,2018
WASP-90,1,18.27,200.23,2016,2016
Kepler-1901,1,1.47,2.77,2021,2021
Kepler-1902,1,1.18,1.74,2021,2021
Kepler-1946,1,2.49,6.75,2021,2021
Kepler-1116,1,2.54,6.99,2016,2016
Kepler-1337,1,2.41,6.39,2016,2016
Kepler-1431,1,1.47,2.76,2016,2016
Kepler-1544,1,1.78,3.82,2016,2016
Kepler-1818,1,1.71,3.58,2021,2021
Kepler-1820,1,3.12,9.9,2021,2021
Kepler-1246,1,1.36,2.42,2016,2016
Kepler-1838,1,1.66,3.4,2021,2021
Kepler-538,1,2.22,12.9,2016,2016
HD 219077,1,12.5,3057.51,2012,2012
Kepler-1109,1,2.19,5.43,2016,2016
Kepler-587,1,2.23,5.6,2016,2016
Kepler-723,1,12.19,,2016,2016
Kepler-797,1,2.17,5.35,2016,2016
Kepler-897,1,2.39,6.3,2016,2016
Kepler-915,1,1.5,2.86,2016,2016
MOA-2010-BLG-117L,1,14.2,170.0,2018,2018
NGC 2682 Sand 1429,1,13.4,572.09,2024,2024
NGC 2682 Sand 978,1,13.3,692.87,2017,2017
OGLE-2008-BLG-092L,1,8.74,57.0,2014,2014
OGLE-2014-BLG-1760L,1,13.8,295.9,2016,2016
OGLE-2016-BLG-1598L,1,13.6,120.77,2024,2024
OGLE-2017-BLG-0406L,1,14.2,130.0,2020,2020
KMT-2020-BLG-0202L,1,12.4,3902.93,2026,2026
KMT-2019-BLG-0298L,1,13.4,575.27,2023,2023
K2-388,1,3.9,14.5,2022,2022
K2-336,1,1.22,1.98,2021,2021
K2-269,1,1.57,3.09,2018,2018
K2-228,1,1.21,1.92,2018,2018
TOI-2364,1,8.61,71.51,2023,2023
K2-121,1,7.16,51.0,2017,2017
TOI-283,1,2.34,6.54,2025,2025
HIP 54515,1,12.2,5625.56,2026,2026
TOI-5261,1,11.6,3651.85,2025,2025
HD 72490,1,13.5,561.92,2018,2018
TOI-5573,1,9.75,112.0,2025,2025
TOI-7155,1,2.41,6.38,2026,2026
WASP-133,1,13.56,368.68,2016,2016
WASP-20,1,15.47,98.84,2015,2015
WASP-39,1,14.34,89.31,2011,2011
HD 27631,1,13.5,495.81,2012,2012
WASP-89,1,11.66,1875.2,2015,2015
AB Aur,1,12.5,2860.46,2022,2022
TOI-3523 A,1,15.97,435.42,2025,2025
HD 175607,1,,2456.18,2015,2015
Gliese 12,1,0.93,0.95,2024,2024
HATS-53,1,15.02,189.11,2017,2017
HATS-70,1,15.51,4100.01,2019,2019
HD 135872,1,12.8,1744.56,2022,2022
HD 136418,1,13.3,680.16,2009,2009
HD 150706,1,13.3,772.32,2012,2012
HD 165131,1,12.1,5943.39,2023,2023
HD 166724,1,13.0,1207.75,2012,2012
HD 113996,1,12.7,2002.33,2017,2017
HD 207897,1,2.34,14.8,2021,2021
HD 213519,1,2.99,9.22,2022,2022
HD 112570,1,13.1,1086.97,2023,2023
HD 24064,1,12.3,4096.83,2015,2015
HD 62509,1,13.3,731.0,2006,2006
HATS-61,1,13.39,1080.62,2018,2018
HATS-16,1,14.57,1039.3,2016,2016
K2-159,1,2.26,5.73,2018,2018
K2-162,1,1.44,2.67,2018,2018
Gl 725 A,1,1.48,2.78,2025,2025
GJ 486,1,1.29,2.77,2021,2021
K2-373,1,2.06,4.9,2022,2022
K2-408,1,1.68,3.45,2022,2022
K2-79,1,4.15,5.9,2016,2016
KMT-2017-BLG-1003L,1,2.13,5.19,2023,2023
KMT-2017-BLG-1038L,1,13.4,640.0,2019,2019
Kepler-1005,1,1.5,2.86,2016,2016
Kepler-1077,1,2.77,8.1,2016,2016
Kepler-1148,1,1.69,3.5,2016,2016
Kepler-1218,1,1.44,2.67,2016,2016
Kepler-1242,1,2.26,5.73,2016,2016
Kepler-1292,1,1.82,3.97,2016,2016
Kepler-1344,1,1.84,4.04,2016,2016
Kepler-1357,1,1.28,2.18,2016,2016
Kepler-1362,1,2.6,7.27,2016,2016
Kepler-1396,1,2.07,4.94,2016,2016
Kepler-1410,1,1.78,3.82,2016,2016
Kepler-1445,1,0.96,0.84,2016,2016
GJ 3222,1,3.4,11.44,2022,2022
Kepler-1786,1,3.16,10.1,2021,2021
G 268-110,1,1.13,1.52,2025,2025
Kepler-1868,1,3.15,10.1,2021,2021
Kepler-1877,1,0.62,0.18,2021,2021
Kepler-1927,1,3.41,11.5,2021,2021
Kepler-1957,1,0.94,0.79,2021,2021
WASP-99,1,11.43,772.33,2014,2014
WASP-43,1,10.42,565.71,2011,2011
WASP-140,1,14.24,775.51,2016,2016
Kepler-43,1,13.66,1026.59,2011,2011
Kepler-440,1,1.86,4.12,2015,2015
Kepler-467,1,2.25,5.69,2016,2016
TrES-2,1,15.24,473.57,2006,2006
Kepler-485,1,14.41,,2016,2016
Kepler-555,1,2.83,8.4,2016,2016
Kepler-592,1,2.39,6.3,2016,2016
Kepler-596,1,3.46,11.8,2016,2016
Kepler-719,1,8.52,54.5,2016,2016
TOI-6000,1,0.94,0.78,2025,2025
Kepler-753,1,1.91,4.31,2016,2016
TOI-4127,1,12.07,743.72,2023,2023
Kepler-976,1,3.96,14.9,2016,2016
Kepler-984,1,2.12,5.14,2016,2016
Kepler-991,1,2.54,6.99,2016,2016
Kepler-620,1,3.32,11.0,2016,2016
OGLE-2011-BLG-0251L,1,14.2,170.0,2012,2012
OGLE-2018-BLG-0383L,1,2.41,6.4,2022,2022
OGLE-2018-BLG-0977L,1,2.41,6.4,2022,2022
OGLE-TR-113,1,12.25,400.45,2004,2004
PH2,1,9.34,87.08,2013,2013
Qatar-2,1,14.06,792.64,2011,2011
TIC 365102760,1,6.21,19.2,2024,2024
TOI-1278,1,12.22,5879.83,2021,2021
TOI-2969,1,12.33,368.68,2025,2025
TOI-1431,1,16.7,991.62,2021,2021
TOI-1756,1,1.94,4.43,2026,2026
TOI-1794,1,3.3,8.7,2024,2024
TOI-3071,1,7.16,68.2,2024,2024
TOI-912,1,1.93,5.1,2025,2025
TOI-1846,1,1.79,3.87,2025,2025
WASP-160 B,1,12.22,88.36,2018,2018
WASP-190,1,12.89,317.83,2019,2019
WASP-73,1,15.92,908.99,2014,2014
TOI-1801,1,2.08,5.74,2023,2023
bet Cnc,1,12.6,2479.0,2014,2014
eps Tau,1,12.7,2285.19,2006,2006
2MASS J02192210-3925225,1,16.14,4417.84,2015,2015
AT2021ueyL,1,13.6,425.89,2025,2025
BD+48 740,1,13.5,540.31,2018,2018
CWISEP J193518.59-154620.3,1,12.2,4926.34,2025,2025
DE CVn,1,12.4,3823.27,2018,2018
HATS-10,1,10.86,167.18,2015,2015
TOI-1601,1,14.2,387.0,2021,2021
HD 126525,1,10.3,75.33,2018,2018
HD 136925,1,13.9,266.98,2021,2021
HD 168863,1,12.7,2154.88,2022,2022
HD 206610,1,13.4,647.1,2009,2009
TOI-1466,1,2.47,6.65,2026,2026
HD 33283,1,12.5,104.57,2006,2006
PSR B0329+54,1,1.22,1.97,2017,2017
HD 89307,1,13.4,642.01,2009,2009
Kepler-851,1,1.68,3.46,2016,2016
HIP 74890,1,13.3,762.79,2016,2016
K2-108,1,5.33,59.4,2017,2017
K2-163,1,2.47,6.65,2018,2018
EPIC 201497682,1,0.69,0.26,2019,2019
CoRoT-8,1,6.39,69.92,2010,2010
K2-276,1,3.77,13.7,2018,2018
K2-390,1,4.66,19.6,2022,2022
Kepler-831,1,1.27,2.15,2016,2016
K2-97,1,13.45,174.49,2016,2016
KMT-2018-BLG-1996L,1,13.7,346.43,2021,2021
Kepler-1021,1,2.33,6.04,2016,2016
Kepler-1152,1,0.87,0.59,2016,2016
Kepler-787,1,1.28,2.18,2016,2016
Kepler-746,1,1.11,1.41,2016,2016
Kepler-1341,1,2.99,9.22,2016,2016
Kepler-740,1,4.57,18.9,2016,2016
Kepler-1419,1,2.86,8.55,2016,2016
Kepler-1481,1,1.23,2.04,2016,2016
Kepler-1959,1,1.14,1.57,2021,2021
Kepler-1633,1,1.58,3.12,2016,2016
Kepler-1663,1,3.3,10.9,2020,2020
Kepler-1691,1,1.83,4.02,2020,2020
Kepler-1878,1,2.92,8.86,2021,2021
Kepler-44,1,12.22,317.82,2011,2011
Kepler-1956,1,1.09,1.32,2021,2021
Kepler-1176,1,2.45,6.57,2016,2016
Kepler-1903,1,2.29,5.85,2021,2021
Kepler-1872,1,2.38,6.28,2021,2021
Kepler-1752,1,4.54,18.7,2021,2021
Kepler-1719,1,3.95,14.8,2021,2021
Kepler-437,1,2.14,5.22,2015,2015
Kepler-1694,1,1.18,1.76,2020,2020
Kepler-711,1,3.41,11.5,2016,2016
Kepler-713,1,2.48,6.71,2016,2016
Kepler-74,1,10.76,200.22,2013,2013
Luhman 16 A,1,11.9,9344.16,2017,2017
MOA-2010-BLG-477L,1,13.6,480.0,2012,2012
MOA-2019-BLG-008L,1,12.2,5720.91,2022,2022
OGLE-2017-BLG-0373L,1,14.0,127.0,2018,2018
Kepler-1676,1,3.38,11.3,2020,2020
Kepler-1601,1,0.82,0.48,2016,2016
TOI-150,1,14.07,797.75,2019,2019
TOI-1693,1,1.41,2.57,2022,2022
TOI-2328,1,9.98,50.85,2025,2025
TOI-2379,1,11.72,1830.69,2024,2024
TOI-2382,1,12.25,235.19,2025,2025
TOI-2876,1,9.64,54.03,2025,2025
TOI-4145 A,1,13.31,136.67,2023,2023
TOI-444,1,2.77,8.1,2023,2023
TOI-4602,1,2.55,7.04,2024,2024
TOI-470,1,4.34,17.4,2023,2023
Kepler-1504,1,2.13,5.18,2016,2016
TOI-669,1,2.59,10.0,2023,2023
Kepler-1484,1,2.11,5.1,2016,2016
TOI-7384,1,3.56,12.4,2026,2026
WASP-106,1,12.11,613.41,2014,2014
WASP-113,1,15.79,150.97,2016,2016
XO-6,1,23.2,1398.45,2016,2016
Kepler-1450,1,1.71,3.57,2016,2016
Kepler-1400,1,1.62,3.26,2016,2016
CoRoT-21,1,14.57,718.3,2012,2012
CoRoT-27,1,11.29,3302.11,2014,2014
GJ 3082,1,2.79,8.2,2020,2020
Kepler-1367,1,0.92,0.72,2016,2016
GJ 3341,1,2.46,6.6,2015,2015
GJ 393,1,1.17,1.71,2021,2021
HATS-60,1,12.92,210.4,2018,2018
HD 108147,1,10.9,82.95,2002,2002
Kepler-1347,1,1.03,1.08,2016,2016
HD 121504,1,13.6,479.92,2003,2003
HD 13724,1,8.18,50.85,2022,2022
HD 221416,1,9.17,60.5,2019,2019
Kepler-1334,1,2.29,5.86,2016,2016
HD 7199,1,,3639.14,2011,2011
K2-137,1,0.64,158.92,2017,2017
K2-242,1,2.54,6.99,2018,2018
Kepler-1262,1,1.82,3.97,2016,2016
Kepler-1303,1,1.42,2.6,2016,2016
KMT-2019-BLG-0578L,1,13.7,381.39,2025,2025
KMT-2021-BLG-1689L,1,7.71,46.0,2022,2022
Kepler-1232,1,1.93,4.38,2016,2016
Kepler-1267,1,3.01,9.32,2016,2016
Kepler-1269,1,1.63,3.29,2016,2016
Kepler-1310,1,1.44,2.67,2016,2016
Kepler-1351,1,0.65,0.21,2016,2016
Kepler-1493,1,1.41,2.57,2016,2016
Kepler-1533,1,3.46,11.8,2016,2016
Kepler-1196,1,2.23,5.6,2016,2016
Kepler-1634,1,3.19,10.3,2016,2016
Kepler-1685,1,2.58,7.16,2020,2020
Kepler-1727,1,3.17,10.2,2021,2021
Kepler-1837,1,2.07,4.92,2021,2021
Kepler-1891,1,1.52,2.93,2021,2021
K2-57,1,2.31,5.94,2016,2016
Kepler-1167,1,1.71,3.57,2016,2016
Kepler-1057,1,3.36,11.2,2016,2016
Kepler-1037,1,1.28,2.18,2016,2016
Kepler-34,1,8.56,69.92,2011,2011
Kepler-1029,1,1.26,2.13,2016,2016
KMT-2024-BLG-1044L,1,2.7,7.75,2024,2024
Kepler-564,1,4.63,19.4,2016,2016
Kepler-724,1,3.29,10.8,2016,2016
Kepler-754,1,2.01,4.7,2016,2016
Kepler-777,1,1.47,2.76,2016,2016
Kepler-793,1,1.37,2.45,2016,2016
Kepler-830,1,1.7,3.53,2016,2016
KMT-2021-BLG-0171L,1,3.35,11.2,2022,2022
Kepler-870,1,2.78,8.15,2016,2016
Kepler-904,1,1.77,3.78,2016,2016
MOA-2011-BLG-291L,1,4.43,18.0,2018,2018
OGLE-2016-BLG-1093L,1,14.0,225.66,2022,2022
TIC 67686059,1,2.59,7.23,2026,2026
TOI-3894,1,15.28,260.62,2024,2024
KMT-2019-BLG-0414L,1,12.9,1452.48,2022,2022
TOI-4406,1,11.21,95.35,2023,2023
TOI-5322,1,16.61,184.02,2025,2025
TOI-6008,1,1.03,4.0,2024,2024
WASP-182,1,9.53,47.04,2019,2019
WASP-187,1,18.38,254.26,2020,2020
HD 106515 A,1,12.1,6006.96,2012,2012
HD 11112,1,12.6,2598.57,2022,2022
HD 149026,1,8.29,120.78,2005,2005
HD 192263,1,14.2,177.98,1999,1999
HD 238914,1,12.8,1906.98,2018,2018
KMT-2018-BLG-0030L,1,13.6,460.85,2022,2022
HD 85390,1,6.16,31.47,2009,2009
KMT-2017-BLG-0428L,1,2.23,5.59,2023,2023
HIP 35173,1,3.61,12.7,2019,2019
IRAS 04125+2902,1,10.74,80.8,2024,2024
K2-104,1,1.79,3.86,2016,2016
K2-11,1,7.55,44.4,2015,2015
K2-129,1,1.04,1.12,2017,2017
KIC 3558849,1,6.9,38.1,2015,2015
KIC 3526061,1,12.1,5768.59,2022,2022
K2-342,1,2.03,4.78,2021,2021
K2-378,1,2.88,8.65,2022,2022
Kepler-1088,1,1.42,2.6,2016,2016
Kepler-1100,1,1.75,3.71,2016,2016
Kepler-1108,1,1.46,2.73,2016,2016
Kepler-1112,1,3.02,9.38,2016,2016
Kepler-1155,1,2.03,4.78,2016,2016
Kepler-1195,1,2.08,4.98,2016,2016
Kepler-1222,1,0.79,0.42,2016,2016
Kepler-1250,1,1.92,4.35,2016,2016
Kepler-1307,1,2.47,6.66,2016,2016
KELT-9,1,21.2,915.35,2017,2017
Kepler-1363,1,1.25,2.1,2016,2016
Kepler-1486,1,2.32,5.99,2016,2016
Kepler-1677,1,2.7,7.76,2020,2020
Kepler-1700,1,2.9,8.76,2020,2020
Kepler-1718,1,2.57,7.12,2021,2021
Kepler-1800,1,1.0,0.96,2021,2021
Kepler-1804,1,1.6,3.18,2021,2021
Kepler-1806,1,2.36,6.15,2021,2021
Kepler-1829,1,2.48,6.71,2021,2021
Kepler-1919,1,2.62,7.38,2021,2021
Kepler-1939,1,1.16,1.68,2021,2021
Kepler-1963,1,0.74,0.34,2021,2021
Kepler-1992,1,0.91,0.69,2023,2023
HD 168009,1,3.05,9.53,2021,2021
Kepler-496,1,2.32,5.99,2016,2016
Kepler-585,1,2.83,8.4,2016,2016
Kepler-631,1,2.9,8.75,2016,2016
Kepler-671,1,2.69,7.7,2016,2016
Kepler-701,1,2.84,8.45,2016,2016
Kepler-747,1,5.27,24.1,2016,2016
Kepler-907,1,1.2,1.87,2016,2016
Kepler-912,1,2.8,8.25,2016,2016
Kepler-980,1,2.67,7.61,2016,2016
OGLE-2014-BLG-0221L,1,12.9,1382.55,2024,2024
OGLE-2017-BLG-0448L,1,4.08,15.6,2024,2024
TIC 18942729,1,2.0,4.66,2026,2026
TIC 198190129,1,2.92,8.87,2026,2026
TIC 38828280,1,2.63,7.4,2026,2026
TOI-1298,1,9.66,99.0,2021,2021
TOI-132,1,3.42,22.4,2020,2020
TOI-1758,1,3.62,6.9,2024,2024
TOI-6651,1,5.09,61.0,2024,2024
K2-46,1,2.05,4.86,2016,2016
WASP-172,1,17.6,149.38,2018,2018
XO-2 N,1,11.13,199.92,2007,2007
gam Psc,1,13.6,425.89,2021,2021
51 Peg,1,14.3,146.2,1995,1995
CHXR 73,1,12.3,3994.49,2006,2006
CoRoT-10,1,10.87,874.0,2010,2010
GJ 422,1,3.33,11.07,2014,2014
K2-274,1,2.08,4.98,2018,2018
HAT-P-35,1,14.93,335.63,2011,2011
HATS-62,1,11.83,56.89,2018,2018
HD 10647,1,13.8,298.75,2006,2006
HD 110014,1,12.4,3524.59,2009,2009
HD 1502,1,13.2,874.03,2011,2011
K2-265,1,1.71,7.34,2018,2018
HD 1690,1,12.5,2793.73,2010,2010
HD 173416,1,13.4,585.12,2008,2008
HD 19994,1,13.6,435.41,2003,2003
HD 233604,1,12.7,2089.64,2013,2013
K2-273,1,3.05,9.53,2018,2018
K2-287,1,9.49,100.12,2018,2018
K2-346,1,2.26,5.73,2021,2021
K2-417,1,3.31,699.22,2023,2023
K2-42,1,2.15,5.27,2016,2016
KOI-1257,1,10.54,460.83,2014,2014
Kepler-1040,1,2.08,4.98,2016,2016
Kepler-1048,1,1.61,3.22,2016,2016
Kepler-1529,1,2.1,5.06,2016,2016
Kepler-1594,1,1.06,1.2,2016,2016
Kepler-1671,1,1.33,2.32,2020,2020
Kepler-1714,1,3.26,10.7,2021,2021
Kepler-1784,1,2.8,8.24,2021,2021
Kepler-1827,1,1.86,4.1,2021,2021
K2-205,1,2.0,4.64,2018,2018
HD 20868,1,13.7,397.29,2008,2008
Kepler-563,1,3.09,9.75,2016,2016
Kepler-593,1,2.87,8.6,2016,2016
HD 17092,1,12.5,3219.62,2007,2007
L 363-38,1,2.0,4.67,2023,2023
MOA-2016-BLG-526L,1,3.97,14.94,2024,2024
MOA-2022-BLG-033L,1,3.52,12.15,2025,2025
NGTS-18,1,13.56,129.99,2021,2021
OGLE-2017-BLG-0364L,1,10.3,75.8,2024,2024
OGLE-2018-BLG-0298L,1,7.56,44.5,2022,2022
OGLE-2018-BLG-0677L,1,1.82,3.96,2020,2020
OGLE-2018-BLG-1700L,1,12.9,1400.0,2020,2020
TCP J05074264+2447555,1,4.72,20.0,2018,2018
TIC 231949697,1,1.53,2.95,2026,2026
TOI-163,1,16.69,387.75,2019,2019
TOI-2406,1,2.86,15.6,2021,2021
TOI-2583 A,1,14.46,79.46,2023,2023
TOI-260,1,1.71,4.23,2024,2024
TOI-2669,1,19.73,193.88,2022,2022
TOI-5704,1,3.23,10.5,2023,2023
TOI-6038 A,1,6.41,78.5,2025,2025
WASP-116,1,13.67,203.41,2025,2025
WASP-164,1,12.64,676.98,2018,2018
WASP-180 A,1,13.9,286.05,2019,2019
WASP-96,1,13.45,152.55,2014,2014
CoRoT-5,1,15.56,148.42,2009,2009
CoRoT-9,1,11.95,266.98,2009,2009
GJ 96,1,4.67,19.66,2018,2018
GPX-1,1,16.48,6261.22,2021,2021
HAT-P-57,1,19.5,448.14,2015,2015
HD 106906,1,12.4,3496.0,2013,2013
HD 147379,1,4.94,21.6,2017,2017
HD 18015,1,13.1,1048.83,2018,2018
HD 219415,1,13.8,317.83,2012,2012
HD 240210,1,12.8,1655.82,2009,2009
HD 80606,1,11.57,1323.47,2001,2001
HD 86264,1,12.5,3117.26,2009,2009
HD 86728,1,3.03,9.43,2025,2025
HIP 55507,1,12.6,2585.53,2022,2022
HIP 65 A,1,22.75,1021.19,2020,2020
K2-128,1,1.42,2.6,2017,2017
K2-17,1,2.23,5.6,2015,2015
K2-204,1,3.17,10.2,2018,2018
K2-26,1,2.67,7.61,2016,2016
K2-65,1,1.58,3.12,2016,2016
K2-7,1,4.04,15.3,2015,2015
KMT-2018-BLG-0087L,1,10.1,73.1,2022,2022
HD 112640,1,12.9,1589.15,2020,2020
Kepler-1141,1,0.82,0.48,2016,2016
Kepler-1193,1,1.32,2.3,2016,2016
Kepler-1308,1,0.52,0.09,2016,2016
Kepler-1323,1,1.52,2.92,2016,2016
Kepler-1385,1,0.85,0.54,2016,2016
Kepler-1452,1,2.7,7.75,2016,2016
Kepler-1463,1,1.86,4.12,2016,2016
Kepler-1520,1,5.77,28.1,2016,2016
Kepler-1521,1,2.5,6.8,2016,2016
HD 139357,1,12.1,6315.57,2008,2008
Kepler-1587,1,1.33,2.33,2016,2016
Kepler-1607,1,0.92,0.72,2016,2016
Kepler-1668,1,4.35,17.4,2020,2020
Kepler-1748,1,2.71,7.81,2021,2021
Kepler-1770,1,2.84,8.45,2021,2021
Kepler-1791,1,3.12,9.91,2021,2021
Kepler-1843,1,2.71,7.8,2021,2021
Kepler-1934,1,0.91,0.7,2021,2021
Kepler-1961,1,1.62,3.25,2021,2021
Kepler-1977,1,1.66,3.39,2023,2023
HD 11755,1,12.8,1789.38,2015,2015
HD 102195,1,14.2,130.31,2006,2006
Kepler-651,1,2.37,6.21,2016,2016
Kepler-736,1,2.93,8.91,2016,2016
Kepler-863,1,2.9,8.75,2016,2016
Kepler-891,1,6.41,33.6,2016,2016
OGLE-2013-BLG-0102L,1,12.3,4100.0,2014,2014
ROXs 42 B,1,12.5,2860.0,2013,2013
TOI-1248,1,6.81,27.4,2024,2024
TOI-1659,1,2.26,5.71,2024,2024
TOI-1753,1,2.48,16.6,2024,2024
TOI-1776,1,1.22,1.4,2024,2024
TOI-1823,1,7.54,67.4,2024,2024
TOI-4155,1,3.21,10.4,2025,2025
TOI-5599,1,7.19,40.9,2026,2026
TOI-5716,1,0.96,0.84,2025,2025
TOI-808,1,2.2,5.49,2026,2026
WASP-155,1,13.45,276.83,2025,2025
WASP-25,1,13.81,179.26,2010,2010
WASP-61,1,15.8,851.78,2012,2012
WASP-66,1,15.69,746.9,2012,2012
K2-29,1,13.34,232.02,2016,2016
Kepler-1355,1,1.46,2.73,2016,2016
ZTF J1828+2308,1,11.13,6356.57,2025,2025
K2-295,1,10.05,106.47,2018,2018
K2-30,1,11.65,184.02,2016,2016
KMT-2017-BLG-0673L,1,13.0,1166.43,2022,2022
KMT-2019-BLG-1552L,1,13.0,1287.21,2022,2022
KMT-2021-BLG-2010L,1,13.8,340.08,2023,2023
KMT-2023-BLG-0735L,1,6.97,38.78,2024,2024
KOI-7368,1,2.22,5.56,2022,2022
Kepler-1113,1,2.81,8.3,2016,2016
Kepler-1133,1,1.97,4.54,2016,2016
BD+03 2562,1,12.7,2034.11,2017,2017
K2-105,1,3.4,15.4,2017,2017
HIP 56640,1,12.7,2151.7,2021,2021
Kepler-1566,1,0.79,0.42,2016,2016
Kepler-1585,1,1.79,3.86,2016,2016
HD 73534,1,13.7,353.43,2008,2008
Kepler-1775,1,3.65,12.9,2021,2021
Kepler-1805,1,1.55,3.0,2021,2021
Kepler-1809,1,1.51,2.9,2021,2021
HD 180053,1,13.3,697.32,2018,2018
Kepler-1860,1,1.14,1.55,2021,2021
Kepler-1988,1,1.53,2.96,2023,2023
HD 149143,1,13.6,422.71,2005,2005
HD 142022 A,1,12.9,1433.41,2005,2005
HD 117618,1,8.59,55.3,2004,2004
HD 10442,1,13.6,472.61,2014,2014
HAT-P-55,1,14.84,189.43,2015,2015
Kepler-622,1,2.13,5.18,2016,2016
Kepler-660,1,2.57,7.13,2016,2016
Kepler-789,1,2.12,5.14,2016,2016
Kepler-866,1,1.63,3.29,2016,2016
Kepler-872,1,1.99,4.62,2016,2016
Gaia-4,1,12.4,3750.38,2025,2025
Kepler-917,1,1.91,4.31,2016,2016
Kepler-977,1,2.62,7.37,2016,2016
NGTS-27,1,15.65,188.47,2024,2024
OGLE-2013-BLG-1721L,1,14.1,200.0,2017,2017
OGLE-2017-BLG-1375L,1,12.4,3585.0,2020,2020
Qatar-4,1,12.72,1938.76,2017,2017
TIC 356227008,1,2.39,6.3,2026,2026
TOI-1174,1,2.56,32.0,2024,2024
GJ 160.2,1,3.17,10.2,2014,2014
TOI-1811,1,11.14,308.93,2023,2023
TOI-2154,1,16.29,292.4,2023,2023
BD+42 2315,1,14.2,174.81,2023,2023
TOI-2459,1,2.95,9.03,2023,2023
TOI-4513,1,2.35,6.11,2026,2026
TOI-6692,1,11.68,197.05,2026,2026
TrES-1,1,12.67,266.98,2004,2004
WASP-108,1,15.13,283.5,2020,2020
WASP-159,1,15.47,174.81,2018,2018
WASP-162,1,11.21,1652.72,2018,2018
WASP-93,1,17.9,467.21,2016,2016
BD+48 738,1,13.9,289.23,2011,2011
LHS 1478,1,1.24,2.33,2021,2021
CoRoT-28,1,10.7,153.83,2015,2015
EPIC 212424622,1,2.17,5.35,2019,2019
FU Tau,1,12.2,5085.28,2008,2008
HAT-P-46,1,14.39,156.68,2014,2014
HATS-4,1,11.43,420.47,2014,2014
HD 102956,1,13.8,305.12,2010,2010
HD 109988,1,12.1,6935.33,2022,2022
HD 117207,1,13.4,669.35,2004,2004
HD 41004 A,1,13.2,807.25,2004,2004
b Cen A,1,12.4,3464.33,2021,2021
HIP 107772,1,3.64,12.9,2020,2020
K2-216,1,1.75,8.0,2018,2018
K2-286,1,2.1,5.06,2018,2018
K2-339,1,1.92,4.35,2021,2021
K2-48,1,2.24,5.65,2016,2016
XO-1,1,12.78,263.8,2006,2006
WASP-78,1,21.63,352.79,2012,2012
K2-64,1,2.07,4.94,2016,2016
KMT-2018-BLG-1743L,1,10.5,77.87,2021,2021
Kepler-1225,1,1.82,3.97,2016,2016
Kepler-1226,1,1.45,2.7,2016,2016
Kepler-1284,1,1.21,1.92,2016,2016
Kepler-1368,1,1.65,3.36,2016,2016
Kepler-1377,1,1.25,2.1,2016,2016
WASP-63,1,15.8,117.6,2012,2012
Kepler-1482,1,1.01,1.01,2016,2016
WASP-171,1,10.98,344.53,2019,2019
Kepler-1604,1,1.41,2.57,2016,2016
Kepler-1644,1,1.88,4.19,2016,2016
WASP-168,1,16.81,133.49,2018,2018
Kepler-1795,1,1.66,3.4,2021,2021
WASP-161,1,12.81,791.4,2018,2018
Kepler-1844,1,3.04,9.46,2021,2021
TOI-921,1,3.53,12.2,2026,2026
Kepler-1989,1,4.62,19.3,2023,2023
Kepler-1995,1,4.28,16.9,2023,2023
TOI-913,1,2.45,6.59,2023,2023
TOI-871,1,1.66,3.41,2024,2024
TOI-5335,1,4.02,15.3,2026,2026
TOI-3912,1,14.28,129.04,2023,2023
TOI-3819,1,13.14,352.79,2023,2023
TOI-3486,1,10.57,99.16,2025,2025
TOI-1859,1,9.75,68.6,2023,2023
OGLE-2018-BLG-1269L,1,14.1,210.0,2020,2020
OGLE-2017-BLG-1691L,1,3.92,14.62,2022,2022
Kepler-552,1,3.95,14.8,2016,2016
Kepler-566,1,2.15,5.27,2016,2016
NGTS-10,1,13.51,687.15,2020,2020
Kepler-604,1,2.59,7.22,2016,2016
Kepler-687,1,3.52,12.2,2016,2016
Kepler-788,1,2.55,7.04,2016,2016
MOA-2022-BLG-563L,1,14.0,127.13,2024,2024
Kepler-905,1,1.41,2.57,2016,2016
Lupus-TR-3,1,9.98,257.43,2007,2007
MOA-2010-BLG-328L,1,2.99,9.2,2013,2013
OGLE-2012-BLG-0563L,1,13.6,120.0,2015,2015
OGLE-2018-BLG-1119L,1,13.9,289.22,2022,2022
SWEEPS-11,1,12.67,3082.82,2006,2006
TIC 183374187,1,14.03,177.98,2026,2026
Kepler-477,1,2.07,4.94,2016,2016
TOI-1824,1,2.74,16.0,2024,2024
TOI-2145,1,12.24,1805.27,2023,2023
Kepler-742,1,3.24,10.6,2016,2016
TOI-333,1,4.26,20.1,2025,2025
Kepler-739,1,3.32,11.0,2016,2016
TOI-4994,1,8.54,88.99,2024,2024
TOI-5605,1,2.53,6.92,2026,2026
Kepler-677,1,5.38,25.0,2016,2016
WASP-153,1,17.37,123.95,2017,2017
Kepler-658,1,1.63,3.29,2016,2016
WASP-186,1,12.44,1341.24,2020,2020
WASP-189,1,18.15,632.48,2020,2020
Kepler-547,1,4.0,15.1,2016,2016
CoRoT-25,1,12.11,85.81,2013,2013
Gl 686,1,2.46,6.62,2018,2018
HAT-P-53,1,14.77,471.66,2015,2015
HAT-P-58,1,14.93,118.23,2021,2021
HATS-18,1,14.9,629.14,2016,2016
HD 12484,1,13.2,947.13,2016,2016
Kepler-512,1,2.69,7.7,2016,2016
Kepler-497,1,6.04,30.4,2016,2016
HD 16417,1,5.0,22.1,2008,2008
HD 185269,1,13.8,321.01,2006,2006
HD 204941,1,10.1,73.1,2011,2011
Kepler-1949,1,2.22,5.56,2021,2021
HD 2952,1,13.9,284.77,2013,2013
HD 63765,1,14.2,168.45,2009,2009
HD 8535,1,14.0,216.12,2010,2010
Kepler-476,1,3.08,9.69,2016,2016
HIP 65891,1,12.8,1871.37,2015,2015
K2-113,1,12.14,410.0,2017,2017
K2-178,1,3.56,12.4,2018,2018
K2-291,1,1.59,6.49,2019,2019
K2-322,1,1.92,4.35,2020,2020
K2-334,1,5.65,27.2,2021,2021
K2-335,1,2.21,5.52,2021,2021
K2-383,1,1.56,3.07,2022,2022
K2-387,1,7.32,42.2,2022,2022
K2-44,1,2.43,6.5,2016,2016
KMT-2021-BLG-0912L,1,1.49,2.81,2022,2022
Kepler-1098,1,1.3,2.24,2016,2016
Kepler-1127,1,1.96,4.5,2016,2016
Kepler-471,1,14.96,,2016,2016
Kepler-1192,1,2.36,6.17,2016,2016
Kepler-1281,1,1.64,3.33,2016,2016
CoRoT-29,1,10.09,270.16,2015,2015
CoRoT-26,1,14.12,165.26,2013,2013
Kepler-1364,1,2.15,5.27,2016,2016
Kepler-1427,1,1.1,1.37,2016,2016
Kepler-1478,1,1.73,3.64,2016,2016
Kepler-1581,1,0.8,0.44,2016,2016
Kepler-1605,1,1.08,1.28,2016,2016
Kepler-1646,1,1.23,2.04,2016,2016
Kepler-1792,1,2.52,6.89,2021,2021
Kepler-1863,1,2.26,5.74,2021,2021
Kepler-441,1,1.64,3.33,2015,2015
Kepler-435,1,22.31,266.97,2015,2015
Kepler-1976,1,12.21,,2023,2023
Kepler-545,1,2.69,7.7,2016,2016
Kepler-556,1,2.24,5.65,2016,2016
Kepler-579,1,2.0,4.66,2016,2016
Kepler-594,1,2.18,5.39,2016,2016
HIP 66074,1,12.9,1589.14,2023,2023
Kepler-803,1,3.79,13.8,2016,2016
Kepler-893,1,3.03,9.43,2016,2016
Kepler-1941,1,2.65,7.51,2021,2021
Kepler-1928,1,1.99,4.63,2021,2021
Kepler-1906,1,2.78,8.13,2021,2021
TOI-1630,1,2.42,6.42,2024,2024
TOI-2048,1,2.61,7.32,2022,2022
TOI-2420,1,15.02,294.63,2024,2024
TOI-3837,1,10.87,187.52,2025,2025
TOI-4773,1,15.22,1687.67,2025,2025
TOI-5388,1,0.99,2.2,2024,2024
TOI-5688 A,1,10.3,124.0,2024,2024
VHS J125601.92-125723.9,1,13.67,5085.25,2015,2015
WASP-70 A,1,13.05,187.51,2014,2014
EPIC 248847494,1,12.44,4131.79,2018,2018
GJ 3779,1,2.75,8.0,2018,2018
GJ 508.2,1,,587.98,2025,2025
HD 102888,1,12.8,1808.44,2025,2025
HD 105779,1,14.1,203.41,2022,2022
Kepler-1760,1,2.29,5.86,2021,2021
HD 179079,1,,4195.33,2008,2008
HD 181234,1,12.5,2980.91,2019,2019
HD 203030,1,14.46,3496.11,2006,2006
HD 207496,1,2.25,6.1,2023,2023
HD 217958,1,14.2,166.54,2022,2022
HD 22496,1,2.22,5.57,2021,2021
HD 62549,1,12.6,2707.58,2022,2022
HD 81688,1,13.5,525.69,2007,2007
HD 99109,1,14.3,139.85,2005,2005
HIP 86221,1,14.0,225.66,2021,2021
K2-156,1,1.1,1.37,2018,2018
K2-358,1,2.68,7.65,2021,2021
K2-365,1,2.91,8.78,2022,2022
KMT-2016-BLG-1105L,1,1.33,2.32,2023,2023
KMT-2016-BLG-2364L,1,13.0,1250.0,2020,2020
KMT-2021-BLG-0852L,1,14.2,155.74,2026,2026
KMT-2023-BLG-0949L,1,12.8,1900.61,2025,2025
KMT-2023-BLG-2209L,1,13.9,254.26,2025,2025
Kepler-1015,1,3.55,12.3,2016,2016
Kepler-1031,1,0.87,0.59,2016,2016
Kepler-1616,1,1.02,1.04,2016,2016
Kepler-1525,1,0.91,0.69,2016,2016
Kepler-1114,1,1.35,2.39,2016,2016
Kepler-1179,1,1.32,2.3,2016,2016
Kepler-1434,1,1.11,1.41,2016,2016
Kepler-1346,1,1.58,3.12,2016,2016
Kepler-1539,1,2.7,7.75,2016,2016
K2-160,1,3.18,10.2,2018,2018
Kepler-1571,1,1.52,2.92,2016,2016
Kepler-1353,1,1.8,3.89,2016,2016
Kepler-1884,1,1.81,3.95,2021,2021
Kepler-1893,1,1.71,3.55,2021,2021
Kepler-1979,1,29.33,,2023,2023
Kepler-1985,1,2.27,5.77,2023,2023
Kepler-1237,1,2.86,8.55,2016,2016
Kepler-1045,1,2.69,7.7,2016,2016
KPS-1,1,11.55,346.43,2018,2018
KMT-2017-BLG-2509L,1,13.4,664.26,2021,2021
Kepler-38,1,4.3,122.0,2012,2012
K2-15,1,2.48,6.71,2015,2015
K2-127,1,8.37,52.9,2017,2017
Kepler-543,1,2.5,6.8,2016,2016
Kepler-590,1,4.02,15.2,2016,2016
Kepler-663,1,2.6,7.27,2016,2016
Kepler-718,1,16.56,,2016,2016
Kepler-733,1,2.82,8.35,2016,2016
Kepler-75,1,11.77,3209.9,2013,2013
Kepler-842,1,1.6,3.19,2016,2016
Kepler-930,1,2.13,5.18,2016,2016
MOA-2022-BLG-249L,1,2.04,4.83,2023,2023
NGTS-5,1,12.73,72.78,2019,2019
Qatar-3,1,12.29,1369.85,2017,2017
TAP 26,1,13.5,527.6,2017,2017
TIC 153919886,1,2.71,7.78,2026,2026
TOI-1444,1,1.42,3.58,2021,2021
TOI-2081,1,2.04,4.82,2022,2022
HD 221585,1,13.5,511.71,2016,2016
TOI-251,1,2.74,317.83,2021,2021
TOI-4438,1,2.52,5.4,2024,2024
TOI-6223,1,5.07,22.6,2025,2025
TOI-6894,1,9.58,53.4,2025,2025
UCAC4 328-061594,1,12.1,6674.4,2024,2024
USco1621 A,1,12.2,5085.28,2019,2019
WASP-46,1,13.16,607.06,2011,2011
WASP-49,1,12.44,117.6,2012,2012
WASP-71,1,13.23,441.78,2012,2012
WASP-87,1,15.52,692.87,2016,2016
16 Cyg B,1,13.5,565.74,1996,1996
CoRoT-31,1,16.37,266.98,2020,2020
Gaia-1,1,13.78,533.95,2022,2022
Gl 49,1,2.24,5.63,2019,2019
HATS-47,1,12.52,117.28,2020,2020
HATS-71,1,11.48,117.6,2020,2020
HATS-72,1,8.1,39.86,2020,2020
HD 108202,1,13.1,953.49,2023,2023
HD 12648,1,13.4,622.95,2015,2015
HD 137388,1,9.32,63.57,2011,2011
HD 13931,1,13.2,889.92,2009,2009
HD 208527,1,12.5,3146.4,2012,2012
HD 55696,1,12.9,1357.13,2018,2018
HD 70642,1,13.0,1239.53,2003,2003
HD 87646,1,12.4,3941.09,2016,2016
HD 96167,1,14.0,227.88,2009,2009
HIP 75092,1,13.5,568.91,2021,2021
HR 2562,1,12.44,6992.22,2016,2016
HIP 114933,1,13.4,616.59,2021,2021
K2-280,1,7.5,37.1,2018,2018
K2-329,1,8.68,82.64,2020,2020
K2-45,1,6.71,36.4,2016,2016
KMT-2016-BLG-2397L,1,13.2,836.0,2020,2020
KMT-2019-BLG-1367L,1,1.85,4.08,2023,2023
KMT-2023-BLG-0548L,1,13.1,1086.97,2025,2025
KMT-2023-BLG-1642L,1,13.8,343.25,2024,2024
Kepler-1032,1,1.87,4.16,2016,2016
Kepler-1042,1,2.19,5.43,2016,2016
Kepler-1079,1,1.63,3.29,2016,2016
Kepler-1132,1,2.35,6.12,2016,2016
Kepler-1175,1,2.99,9.22,2016,2016
Kepler-1180,1,1.99,4.62,2016,2016
Kepler-1299,1,2.98,9.17,2016,2016
Kepler-1393,1,0.8,0.44,2016,2016
Kepler-1459,1,1.36,2.42,2016,2016
Kepler-1624,1,6.59,35.3,2016,2016
Kepler-1726,1,2.51,6.84,2021,2021
HD 235088,1,1.98,4.15,2023,2023
Kepler-1817,1,2.27,5.79,2021,2021
Kepler-1889,1,2.94,8.98,2021,2021
HAT-P-29,1,13.11,279.69,2011,2011
HD 20329,1,1.72,7.42,2022,2022
HATS-41,1,14.91,3082.95,2018,2018
Kepler-508,1,1.64,3.33,2016,2016
HATS-27,1,16.81,168.45,2016,2016
Kepler-540,1,2.71,7.8,2016,2016
Kepler-772,1,1.82,3.97,2016,2016
Kepler-815,1,4.11,15.8,2016,2016
Kepler-898,1,1.49,2.83,2016,2016
Kepler-956,1,3.0,9.27,2016,2016
OGLE-2016-BLG-1227L,1,13.9,250.0,2020,2020
OGLE-2017-BLG-1275L,1,12.8,1875.19,2024,2024
TOI-1452,1,1.67,4.82,2022,2022
HAT-P-59,1,12.59,489.46,2021,2021
TYC 3667-1280-1,1,12.8,1716.28,2016,2016
WASP-103,1,17.13,473.55,2014,2014
WASP-80,1,11.2,170.99,2012,2012
nu Oct A,1,13.3,696.04,2016,2016
11 UMi,1,12.3,4684.81,2009,2009
24 Boo,1,13.9,280.64,2018,2018
4 UMa,1,12.6,2511.48,2006,2006
GJ 338 B,1,3.25,10.6,2020,2020
GJ 4276,1,4.22,16.57,2019,2019
HATS-25,1,14.12,194.83,2016,2016
HATS-44,1,11.96,177.98,2018,2018
HD 102117,1,8.47,54.03,2005,2005
HD 124330,1,14.0,238.37,2021,2021
HD 211810,1,14.0,212.95,2018,2018
HD 5891,1,12.6,2425.04,2011,2011
HIP 116454,1,2.47,9.7,2014,2014
K2-151,1,1.49,2.83,2018,2018
K2-194,1,3.64,12.9,2018,2018
K2-277,1,2.19,7.4,2018,2018
K2-321,1,2.05,4.86,2020,2020
KMT-2019-BLG-1715L,1,13.2,813.64,2021,2021
Kepler-1002,1,1.71,3.57,2016,2016
Kepler-1177,1,1.9,4.27,2016,2016
Kepler-1182,1,2.41,6.39,2016,2016
Kepler-1184,1,2.68,7.65,2016,2016
Kepler-1208,1,2.32,5.99,2016,2016
Kepler-1221,1,1.88,4.19,2016,2016
Kepler-1275,1,1.48,2.79,2016,2016
Kepler-1443,1,0.97,0.87,2016,2016
Kepler-1496,1,2.22,5.56,2016,2016
Kepler-1557,1,1.53,2.96,2016,2016
Kepler-1570,1,1.07,1.24,2016,2016
Kepler-1603,1,1.29,2.21,2016,2016
Kepler-1639,1,2.58,7.18,2016,2016
Kepler-1725,1,2.81,8.31,2021,2021
Kepler-1739,1,2.43,6.48,2021,2021
Kepler-1782,1,2.23,5.6,2021,2021
Kepler-1821,1,2.59,7.24,2021,2021
Kepler-1892,1,1.84,4.03,2021,2021
Kepler-1962,1,1.21,1.95,2021,2021
HAT-P-31,1,12.22,721.47,2011,2011
Kepler-479,1,2.12,5.14,2016,2016
Kepler-507,1,1.3,5.7,2016,2016
Kepler-522,1,6.91,38.2,2016,2016
Kepler-527,1,2.84,8.45,2016,2016
Kepler-629,1,1.38,2.48,2016,2016
Kepler-662,1,2.18,5.39,2016,2016
Kepler-752,1,2.81,8.3,2016,2016
Kepler-771,1,1.82,3.97,2016,2016
Kepler-821,1,1.31,2.27,2016,2016
Kepler-828,1,1.51,2.89,2016,2016
Kepler-857,1,6.8,37.2,2016,2016
Kepler-873,1,3.75,13.5,2016,2016
Kepler-878,1,1.93,4.38,2016,2016
Kepler-945,1,2.63,7.41,2016,2016
Kepler-95,1,3.42,13.0,2014,2014
NGTS-9,1,11.99,921.71,2019,2019
TIC 77552382,1,5.69,27.5,2026,2026
TOI-1243,1,2.33,7.7,2026,2026
TOI-1295,1,15.69,451.32,2024,2024
TOI-1467,1,1.92,9.0,2024,2024
TOI-2207,1,11.15,203.41,2022,2022
TOI-2587 A,1,12.07,69.29,2023,2023
TOI-2803 A,1,18.11,309.88,2023,2023
TOI-3364,1,12.23,530.77,2023,2023
TOI-3693,1,12.6,324.18,2022,2022
TOI-4308,1,2.42,6.43,2023,2023
TOI-5159,1,1.55,3.01,2026,2026
TOI-5595,1,4.74,20.1,2026,2026
TOI-6080,1,3.32,11.0,2026,2026
TOI-954,1,9.55,55.3,2020,2020
TWA 7,1,12.7,108.06,2025,2025
WASP-11,1,12.44,251.09,2008,2008
WASP-17,1,20.96,247.91,2009,2009
WASP-35,1,14.57,225.66,2011,2011
WASP-97,1,12.78,432.25,2014,2014
GJ 238,1,0.57,0.13,2024,2024
GJ 900 A,1,12.4,3496.11,2024,2024
HATS-26,1,19.62,206.59,2016,2016
HATS-29,1,14.02,207.54,2016,2016
HATS-31,1,18.38,279.69,2016,2016
HD 100777,1,13.7,390.93,2007,2007
HD 33564,1,12.5,2892.1,2005,2005
DMPP-8,1,10.8,81.09,2026,2026
HD 75302,1,12.8,1716.27,2023,2023
HD 86081,1,13.6,470.39,2006,2006
HIP 109384,1,13.5,495.81,2016,2016
HIP 48714,1,5.11,22.9,2020,2020
K2-10,1,3.77,25.2,2015,2015
K2-100,1,3.88,21.8,2016,2016
K2-131,1,1.69,7.9,2017,2017
K2-169,1,1.27,2.16,2018,2018
K2-238,1,14.57,273.33,2018,2018
K2-255,1,2.9,8.75,2018,2018
KMT-2023-BLG-1743L,1,12.1,6356.57,2024,2024
Kepler-1110,1,2.66,7.56,2016,2016
Kepler-1159,1,2.37,6.21,2016,2016
Kepler-1168,1,2.5,6.8,2016,2016
Kepler-1194,1,1.51,2.89,2016,2016
Kepler-1361,1,0.86,0.57,2016,2016
Kepler-1523,1,1.58,3.12,2016,2016
Kepler-1565,1,1.19,1.81,2016,2016
Kepler-1733,1,3.64,12.8,2021,2021
Kepler-1763,1,1.15,1.59,2021,2021
Kepler-1871,1,2.42,6.44,2021,2021
Kepler-1943,1,1.55,3.02,2021,2021
Kepler-1952,1,1.24,2.07,2021,2021
Kepler-521,1,3.18,10.2,2016,2016
Kepler-577,1,2.55,7.04,2016,2016
Kepler-702,1,9.17,61.8,2016,2016
Kepler-874,1,3.94,14.7,2016,2016
Kepler-965,1,3.38,11.4,2016,2016
Kepler-998,1,2.32,5.99,2016,2016
CoRoT-3,1,11.32,6883.91,2008,2008
M62H,1,,785.04,2024,2024
MOA-2022-BLG-091L,1,13.0,1141.0,2025,2025
MXB 1658-298,1,12.0,7532.57,2017,2017
OGLE-2018-BLG-0799L,1,10.9,82.64,2022,2022
OGLE-2019-BLG-1492L,1,6.79,37.1,2022,2022
TOI-1201,1,2.42,6.28,2021,2021
TOI-1439,1,4.24,38.5,2024,2024
TOI-1680,1,1.47,2.75,2023,2023
TOI-3785,1,5.14,14.95,2023,2023
TOI-4529,1,1.77,4.9,2026,2026
TOI-5795,1,5.62,23.66,2025,2025
WASP-10,1,12.11,1001.12,2008,2008
WASP-149,1,15.24,314.97,2025,2025
WASP-181,1,13.27,95.03,2019,2019
WASP-42,1,12.58,167.5,2012,2012
WASP-55,1,14.73,186.25,2012,2012
Kepler-1551,1,2.66,7.56,2016,2016
OGLE-2016-BLG-0007L,1,1.09,1.32,2025,2025
WASP-79,1,17.15,270.15,2012,2012
Kepler-1185,1,1.33,2.33,2016,2016
Kepler-1207,1,1.62,3.26,2016,2016
Kepler-1439,1,1.46,2.73,2016,2016
Kepler-1556,1,1.96,4.5,2016,2016
Kepler-1652,1,1.6,3.19,2017,2017
Kepler-1690,1,2.81,8.3,2020,2020
Kepler-1737,1,5.4,25.1,2021,2021
Kepler-1797,1,3.06,9.58,2021,2021
Kepler-1807,1,2.7,7.77,2021,2021
Kepler-1870,1,2.1,5.07,2021,2021
Kepler-1890,1,0.87,0.59,2021,2021
KMT-2018-BLG-0029L,1,2.67,7.59,2020,2020
Kepler-1111,1,2.0,4.66,2016,2016
Kepler-1106,1,1.65,3.36,2016,2016
Kepler-1022,1,2.36,6.17,2016,2016
XO-3,1,14.8,4217.58,2007,2007
KIC 5479689,1,14.2,158.91,2021,2021
KELT-23 A,1,14.83,298.12,2019,2019
Kepler-569,1,3.16,10.1,2016,2016
Kepler-581,1,2.63,7.41,2016,2016
Kepler-676,1,3.04,9.48,2016,2016
Kepler-688,1,9.76,68.7,2016,2016
Kepler-78,1,1.2,1.68,2013,2013
Kepler-802,1,3.54,12.3,2016,2016
Kepler-814,1,2.12,5.14,2016,2016
Kepler-895,1,1.54,2.99,2016,2016
KELT-19 A,1,21.41,1293.57,2017,2017
K2-89,1,0.62,0.17,2016,2016
LP 714-47,1,4.7,30.8,2020,2020
MASCARA-1,1,17.9,1175.97,2017,2017
OGLE-2013-BLG-0132L,1,11.6,92.0,2017,2017
OGLE-2018-BLG-0932L,1,13.9,282.87,2022,2022
K2-251,1,2.35,6.12,2018,2018
HD 4313,1,13.4,612.46,2009,2009
TOI-1518,1,21.05,581.63,2021,2021
TOI-172,1,10.82,1722.64,2019,2019
TOI-2046,1,16.14,731.01,2022,2022
TOI-5027,1,10.76,642.01,2025,2025
TOI-512,1,1.54,3.57,2025,2025
TOI-5515,1,2.65,7.53,2026,2026
TOI-622,1,9.24,96.3,2023,2023
HD 109246,1,13.9,273.33,2010,2010
WASP-174,1,16.11,104.88,2018,2018
WASP-185,1,14.01,311.47,2019,2019
WASP-32,1,10.76,835.89,2010,2010
WASP-75,1,14.24,340.06,2013,2013
Wolf 327,1,1.24,2.53,2024,2024
alf Tau,1,12.7,2056.36,2015,2015
HD 102843,1,13.1,113.9,2019,2019
HAT-P-70,1,20.96,2154.89,2019,2019
HAT-P-49,1,17.82,699.23,2014,2014
HATS-3,1,15.48,340.38,2013,2013
HATS-33,1,13.79,378.85,2016,2016
HATS-42,1,15.69,597.52,2018,2018
GJ 3470,1,4.57,13.9,2012,2012
HD 153950,1,13.2,937.6,2008,2008
HD 168746,1,11.1,85.81,2002,2002
HD 18599,1,2.6,24.1,2022,2022
HD 220197,1,9.32,63.57,2018,2018
HD 32963,1,13.4,657.9,2015,2015
HD 40979,1,12.9,1484.27,2002,2002
GJ 27.1,1,3.66,13.0,2014,2014
HD 63454,1,12.31,79.46,2005,2005
HD 64114,1,4.41,17.8,2019,2019
HIP 65426,1,16.81,2860.47,2017,2017
K2-119,1,2.53,6.94,2017,2017
K2-164,1,3.25,10.6,2018,2018
K2-25,1,3.44,24.5,2015,2015
K2-6,1,2.5,6.8,2015,2015
K2-77,1,2.5,603.88,2016,2016
KMT-2021-BLG-1898L,1,14.0,232.01,2022,2022
KMT-2022-BLG-1551L,1,13.2,940.77,2026,2026
CoRoT-18,1,14.68,1102.82,2011,2011
Kepler-1080,1,3.28,10.8,2016,2016
Kepler-1204,1,3.05,9.53,2016,2016
Kepler-1239,1,2.9,8.75,2016,2016
Kepler-1457,1,1.99,4.62,2016,2016
Kepler-1470,1,1.07,1.24,2016,2016
Kepler-1545,1,2.7,7.75,2016,2016
Kepler-1555,1,1.61,3.22,2016,2016
Kepler-1655,1,2.21,5.4,2018,2018
Kepler-1734,1,3.09,9.74,2021,2021
Kepler-1765,1,2.5,6.78,2021,2021
OGLE-2018-BLG-0506L,1,4.18,16.3,2022,2022
WASP-48,1,16.81,254.26,2011,2011
WASP-23,1,10.78,280.95,2010,2010
Kepler-412,1,15.03,299.08,2014,2014
WASP-194,1,15.48,373.13,2025,2025
Kepler-504,1,1.59,3.15,2016,2016
V830 Tau,1,14.0,222.48,2016,2016
Kepler-560,1,1.72,3.61,2016,2016
Kepler-614,1,2.39,6.3,2016,2016
Kepler-674,1,1.69,3.5,2016,2016
TYC 3318-01333-1,1,13.1,1086.98,2018,2018
Kepler-927,1,1.72,3.61,2016,2016
MOA-2008-BLG-310L,1,5.18,23.4,2009,2009
NGTS-17,1,13.9,242.82,2021,2021
TOI-697,1,2.36,6.16,2026,2026
PH1,1,6.18,169.0,2012,2012
TOI-1259 A,1,11.46,140.16,2021,2021
TOI-1723,1,3.44,10.4,2024,2024
TOI-1732,1,2.5,6.78,2026,2026
TOI-1842,1,12.35,89.4,2021,2021
TOI-2019,1,5.33,34.4,2024,2024
TOI-2384,1,11.49,624.85,2024,2024
TOI-2518,1,2.27,5.77,2026,2026
TOI-677,1,13.11,392.2,2020,2020
TOI-4201,1,13.67,788.21,2023,2023
TOI-4561,1,1.78,3.81,2026,2026
TOI-5422,1,9.1,8899.2,2026,2026
WASP-131,1,13.74,86.77,2016,2016
TOI-3288,1,12.24,536.18,2025,2025
18 Del,1,12.5,2926.25,2008,2008
GJ 1214,1,2.73,8.41,2009,2009
GJ 2056,1,4.17,16.2,2020,2020
GJ 720 A,1,3.77,13.64,2021,2021
Gl 378,1,3.66,13.02,2019,2019
HAT-P-69,1,18.79,1137.83,2019,2019
HD 114082,1,11.21,2542.63,2022,2022
TOI-2981,1,13.4,638.0,2024,2024
HD 125595,1,,3531.07,2009,2009
HD 154345,1,13.7,376.94,2006,2006
HD 170469,1,14.1,209.77,2007,2007
HD 171238,1,12.5,2796.89,2009,2009
TOI-2796,1,17.26,139.84,2023,2023
HD 220773,1,13.6,460.8,2011,2011
HD 221287,1,13.1,982.05,2007,2007
HD 25171,1,13.9,290.81,2010,2010
HD 39855,1,2.85,8.5,2019,2019
HD 77338,1,4.12,15.9,2012,2012
HD 79181,1,14.1,203.41,2021,2021
TOI-2346,1,16.12,394.11,2025,2025
HIP 18606,1,14.0,244.73,2025,2025
HIP 71135,1,4.55,18.8,2019,2019
HIP 91258,1,13.7,346.43,2013,2013
TOI-1937 A,1,13.98,638.84,2023,2023
TOI-1775,1,8.05,96.0,2024,2024
K2-210,1,0.86,0.57,2018,2018
K2-252,1,1.74,3.68,2018,2018
K2-323,1,2.1,5.06,2020,2020
TIC 260969020,1,2.23,5.59,2026,2026
K2-81,1,1.97,4.54,2016,2016
KMT-2016-BLG-2321L,1,13.8,301.94,2024,2024
KMT-2022-BLG-1013L,1,12.1,98.53,2023,2023
KOI-217,1,12.44,,2010,2010
Kepler-916,1,1.76,3.75,2016,2016
OGLE-2016-BLG-0613L AB,1,13.0,1330.0,2017,2017
Kepler-1408,1,0.89,0.64,2016,2016
Kepler-1417,1,1.0,0.97,2016,2016
Kepler-1534,1,1.89,4.23,2016,2016
Kepler-1619,1,0.76,0.36,2016,2016
Kepler-1647,1,11.87,483.0,2016,2016
Kepler-1742,1,2.18,5.38,2021,2021
Kepler-1744,1,3.77,13.6,2021,2021
Kepler-1771,1,4.06,15.5,2021,2021
Kepler-1779,1,3.03,9.44,2021,2021
Kepler-1816,1,1.97,4.53,2021,2021
Kepler-1999,1,3.29,10.8,2023,2023
OGLE-2012-BLG-0950L,1,6.56,35.0,2016,2016
MOA-2008-BLG-379L,1,13.0,1300.0,2013,2013
MOA-2007-BLG-192L,1,3.58,12.49,2008,2008
Kepler-1497,1,1.66,3.39,2016,2016
Kepler-708,1,2.93,8.91,2016,2016
Kepler-675,1,2.44,6.53,2016,2016
Kepler-749,1,3.1,9.8,2016,2016
Kepler-768,1,1.79,3.86,2016,2016
Kepler-845,1,2.04,4.82,2016,2016
Kepler-876,1,1.43,2.63,2016,2016
LHS 3154,1,3.69,13.15,2023,2023
NGC 2682 YBP 1514,1,14.0,127.13,2014,2014
NGTS-15,1,12.33,238.69,2021,2021
NGTS-30,1,10.4,305.12,2024,2024
OGLE-2008-BLG-355L,1,12.9,1500.0,2014,2014
Kepler-1965,1,1.35,2.4,2021,2021
PSR B1620-26,1,13.3,794.58,2003,2003
TIC 142589416,1,2.68,7.65,2026,2026
TIC 77319217,1,3.11,9.85,2026,2026
Kepler-1948,1,1.03,1.09,2021,2021
TOI-2842,1,12.85,117.6,2023,2023
Kepler-1862,1,2.2,5.49,2021,2021
TOI-4898,1,3.72,13.4,2026,2026
TOI-521,1,1.98,5.3,2025,2025
TOI-5916,1,11.35,226.61,2026,2026
TOI-6281,1,1.92,4.36,2026,2026
TOI-824,1,2.93,18.47,2020,2020
UKIRT-2017-BLG-001L,1,13.7,407.0,2018,2018
WASP-163,1,13.47,594.34,2018,2018
WASP-76,1,20.78,284.14,2016,2016
Kepler-1858,1,2.42,6.44,2021,2021
CoRoT-19,1,14.46,352.78,2011,2011
Kepler-1819,1,3.9,14.5,2021,2021
HAT-P-21,1,12.44,1547.83,2010,2010
HAT-P-24,1,14.57,238.37,2010,2010
HAT-P-36,1,14.31,587.41,2011,2011
Kepler-1710,1,3.2,3.49,2021,2021
HD 177565,1,4.0,15.1,2017,2017
HD 185283,1,13.6,413.18,2023,2023
Kepler-1695,1,1.12,1.46,2020,2020
HD 360,1,14.0,238.37,2021,2021
HD 41004 B,1,12.1,5838.29,2003,2003
HD 4113,1,13.5,541.26,2007,2007
Kepler-1628,1,6.43,33.8,2016,2016
HD 59686 A,1,12.7,2199.38,2016,2016
HD 94771,1,14.2,169.0,2023,2023
Kepler-1578,1,1.04,1.12,2016,2016
HIP 77900,1,12.1,6674.4,2024,2024
K2-180,1,2.47,11.41,2018,2018
K2-257,1,0.83,0.5,2018,2018
K2-288 B,1,1.9,4.27,2018,2018
KMT-2021-BLG-1253L,1,4.59,19.05,2022,2022
KMT-2022-BLG-2076L,1,13.9,279.69,2025,2025
KMT-2025-BLG-0121L,1,12.6,2469.53,2026,2026
Kepler-1089,1,1.83,4.01,2016,2016
Kepler-1125,1,1.84,4.04,2016,2016
Kepler-1260,1,1.77,3.78,2016,2016
Kepler-1297,1,0.97,0.87,2016,2016
Kepler-1345,1,2.36,6.17,2016,2016
Kepler-1409,1,1.04,1.12,2016,2016
Kepler-1494,1,3.07,9.64,2016,2016
K2-332,1,2.2,5.48,2021,2021
Kepler-1560,1,0.89,0.64,2016,2016
Kepler-1602,1,1.34,2.36,2016,2016
Kepler-1617,1,1.2,1.87,2016,2016
Kepler-1635,1,3.64,12.9,2016,2016
Kepler-1492,1,1.49,2.83,2016,2016
Kepler-1435,1,0.86,0.57,2016,2016
Kepler-1823,1,2.09,5.0,2021,2021
Kepler-1839,1,1.95,4.46,2021,2021
Kepler-1846,1,1.76,3.76,2021,2021
Kepler-1857,1,1.96,4.5,2021,2021
Kepler-1898,1,0.93,0.76,2021,2021
Kepler-1930,1,1.53,2.95,2021,2021
Kepler-1958,1,2.05,4.86,2021,2021
Kepler-1329,1,2.17,5.35,2016,2016
Kepler-1316,1,3.54,12.3,2016,2016
Kepler-1137,1,2.2,5.48,2016,2016
Kepler-657,1,3.52,12.2,2016,2016
Kepler-816,1,10.24,74.5,2016,2016
Kepler-966,1,4.13,16.0,2016,2016
Kepler-1149,1,1.44,2.67,2016,2016
OGLE-2015-BLG-1771L,1,14.3,138.0,2020,2020
TIC 437041147,1,2.22,5.54,2026,2026
TOI-1075,1,1.79,9.95,2022,2022
TOI-1249,1,3.27,11.9,2024,2024
Kepler-1023,1,2.63,7.41,2016,2016
TOI-1416,1,1.62,3.48,2023,2023
TOI-1420,1,11.89,25.1,2023,2023
Kepler-1012,1,1.29,2.21,2016,2016
TOI-3629,1,8.29,82.64,2022,2022
TOI-5082,1,2.55,7.03,2024,2024
TOI-5110,1,11.98,921.7,2024,2024
TOI-5301,1,13.09,1182.32,2024,2024
TOI-6255,1,1.08,1.44,2024,2024
KMT-2023-BLG-0830L,1,4.41,17.8,2025,2025
KMT-2019-BLG-0953L,1,4.06,15.5,2022,2022
WASP-157,1,11.19,182.43,2016,2016
WISEP J121756.91+162640.2 A,1,10.47,6992.0,2012,2012
2MASS J03590986+2009361,1,12.2,5720.91,2024,2024
2MASS J11550485-7919108,1,12.1,6356.57,2024,2024
COCONUTS-2 A,1,12.58,2383.71,2021,2021
CoRoT-32,1,6.39,47.67,2018,2018
EPIC 229004835,1,2.33,10.4,2023,2023
HATS-54,1,11.38,239.32,2019,2019
HD 11977,1,12.7,2080.0,2005,2005
KMT-2019-BLG-0371L,1,12.6,2447.28,2021,2021
HD 156411,1,14.0,235.18,2009,2009
HD 188015,1,13.6,476.72,2004,2004
HD 213472,1,13.1,1112.4,2021,2021
HD 214823,1,12.1,5914.79,2016,2016
HD 216435,1,13.7,400.4,2002,2002
HD 220074,1,12.2,5288.69,2012,2012
HD 220842,1,13.1,1010.7,2016,2016
HD 23127,1,13.5,485.33,2006,2006
HD 4308,1,4.12,15.89,2005,2005
HD 76700,1,9.6,66.74,2002,2002
HD 86950,1,13.0,1144.19,2016,2016
HN Peg,1,11.78,6991.57,2006,2006
K2-209,1,0.87,0.59,2018,2018
K2-87,1,7.6,44.9,2016,2016
Kepler-1028,1,1.33,2.33,2016,2016
Kepler-1039,1,1.46,2.73,2016,2016
HD 285968,1,2.83,8.4,2008,2008
Kepler-1072,1,1.58,3.12,2016,2016
Kepler-1102,1,2.66,7.56,2016,2016
Kepler-1161,1,2.13,5.18,2016,2016
Kepler-1206,1,1.64,3.33,2016,2016
Kepler-1251,1,1.84,4.04,2016,2016
Kepler-1278,1,1.01,1.01,2016,2016
Kepler-1424,1,1.16,1.65,2016,2016
K2-318,1,1.66,3.39,2020,2020
Kepler-1454,1,1.88,4.19,2016,2016
Kepler-1567,1,2.73,7.9,2016,2016
Kepler-1583,1,0.6,0.16,2016,2016
K2-202,1,2.3,5.91,2018,2018
Kepler-1683,1,1.87,4.17,2020,2020
Kepler-1731,1,2.93,8.92,2021,2021
Kepler-1815,1,2.75,7.99,2021,2021
Kepler-1840,1,2.78,8.13,2021,2021
Kepler-1875,1,3.23,10.5,2021,2021
K2-196,1,3.6,12.6,2018,2018
Kepler-4,1,4.0,24.47,2009,2009
Kepler-490,1,11.65,,2016,2016
Kepler-609,1,3.35,11.2,2016,2016
Kepler-673,1,6.54,34.8,2016,2016
Kepler-7,1,18.18,140.16,2009,2009
Kepler-707,1,1.33,2.33,2016,2016
Kepler-726,1,3.26,10.7,2016,2016
Kepler-759,1,2.27,5.77,2016,2016
Kepler-801,1,2.0,4.66,2016,2016
K2-182,1,2.71,20.98,2018,2018
Kepler-841,1,5.23,23.8,2016,2016
Kepler-989,1,2.21,5.52,2016,2016
OGLE-TR-10,1,14.01,197.05,2004,2004
TIC 320419023,1,2.77,8.11,2026,2026
TOI-1273,1,11.1,70.56,2024,2024
TOI-1743,1,1.83,4.01,2025,2025
TOI-1898,1,9.4,129.0,2024,2024
TOI-2267 B,1,1.77,3.78,2025,2025
HD 99283,1,13.8,308.29,2021,2021
TOI-2818,1,15.28,225.66,2023,2023
TOI-3884,1,6.43,32.59,2022,2022
TOI-5205,1,11.6,343.0,2023,2023
TOI-5350,1,12.42,2094.49,2025,2025
HD 96127,1,12.1,6661.72,2011,2011
TOI-6086,1,1.18,1.76,2024,2024
UCAC3 113-933,1,12.1,6674.4,2024,2024
WASP-123,1,15.13,285.73,2016,2016
XO-4,1,14.01,451.32,2010,2010
51 Eri,1,,3464.33,2015,2015
CoRoT-11,1,16.03,740.51,2010,2010
CoRoT-22,1,4.88,12.2,2014,2014
GJ 2126,1,13.6,413.18,2025,2025
HAT-P-33,1,20.74,292.4,2011,2011
HD 132563,1,13.6,473.55,2011,2011
HD 175541,1,14.1,190.06,2007,2007
HD 202772 A,1,18.24,323.55,2019,2019
HD 233832,1,13.5,565.74,2018,2018
HD 332231,1,9.07,74.1,2020,2020
HD 95338,1,4.27,42.9,2020,2020
K2-116,1,0.69,0.26,2017,2017
K2-337,1,2.62,7.37,2021,2021
HATS-35,1,16.41,388.39,2016,2016
K2-372,1,2.95,8.98,2022,2022
K2-411,1,0.99,0.94,2022,2022
HD 180314,1,12.0,7216.93,2010,2010
KIC 10068024,1,13.4,635.66,2021,2021
KMT-2023-BLG-0119L,1,11.0,83.7,2025,2025
Kepler-1247,1,2.33,6.04,2016,2016
Kepler-1256,1,1.49,2.83,2016,2016
Kepler-1421,1,0.93,0.75,2016,2016
Kepler-1472,1,1.9,4.27,2016,2016
Kepler-1753,1,2.23,5.59,2021,2021
Kepler-1853,1,1.52,2.92,2021,2021
Kepler-1864,1,0.75,0.35,2021,2021
Kepler-1887,1,2.92,8.88,2021,2021
HD 1397,1,11.5,131.9,2018,2018
Kepler-433,1,16.25,896.24,2015,2015
Kepler-452,1,1.63,3.29,2015,2015
Kepler-464,1,3.3,10.9,2016,2016
Kepler-502,1,4.77,20.4,2016,2016
Kepler-514,1,1.72,3.61,2016,2016
Kepler-641,1,1.85,4.08,2016,2016
Kepler-689,1,2.89,8.7,2016,2016
Kepler-690,1,5.95,29.6,2016,2016
Kepler-731,1,13.88,,2016,2016
Kepler-737,1,1.96,4.5,2016,2016
Kepler-848,1,1.7,3.53,2016,2016
Kepler-943,1,5.93,29.5,2016,2016
Kepler-961,1,2.55,7.04,2016,2016
MOA-2011-BLG-028L,1,5.99,30.0,2016,2016
MOA-2016-BLG-227L,1,13.2,890.0,2017,2017
NGTS-23,1,14.2,194.83,2022,2022
OGLE-2017-BLG-0604L,1,14.2,160.0,2020,2020
TOI-1011,1,1.45,4.04,2025,2025
TOI-1194,1,8.72,120.0,2023,2023
TOI-1199,1,10.51,75.96,2024,2024
TOI-1683,1,2.64,7.45,2024,2024
TOI-1759,1,3.14,10.8,2022,2022
TOI-181,1,6.96,46.17,2023,2023
TOI-2005,1,11.99,2034.1,2025,2025
TOI-2120,1,2.12,6.8,2024,2024
TOI-220,1,3.03,13.8,2021,2021
TOI-2524,1,11.21,203.41,2023,2023
TOI-3980,1,14.46,187.52,2025,2025
TOI-4329,1,16.81,143.02,2022,2022
TOI-5210,1,10.73,82.0,2025,2025
TOI-5349,1,10.2,127.4,2026,2026
TOI-757,1,2.5,10.5,2024,2024
TOI-778,1,15.4,878.0,2023,2023
HATS-68,1,13.81,410.0,2018,2018
WASP-176,1,16.87,271.74,2020,2020
WASP-36,1,14.87,750.4,2011,2011
WD 1856+534,1,10.4,4386.05,2020,2020
2MASS J22501512+2325342,1,11.9,9534.85,2018,2018
CoRoT-30,1,11.31,921.71,2020,2020
EPIC 206032309,1,1.01,1.01,2019,2019
HAT-P-16,1,14.68,1341.56,2010,2010
HAT-P-19,1,11.3,88.04,2010,2010
HAT-P-23,1,15.33,664.24,2010,2010
HAT-P-5,1,13.56,311.47,2007,2007
HATS-8,1,9.79,43.86,2015,2015
HD 100508,1,13.7,381.39,2026,2026
HD 102272,1,12.9,1570.08,2008,2008
HD 103774,1,13.3,116.0,2013,2013
HD 122562,1,10.1,73.1,2022,2022
HD 125271,1,12.4,3465.6,2022,2022
HD 189733,1,12.67,359.15,2005,2005
HD 240237,1,12.2,5050.32,2011,2011
HD 2638,1,14.3,133.49,2005,2005
HD 45350,1,13.5,568.89,2004,2004
HD 69123,1,13.1,982.09,2022,2022
HD 81040,1,12.6,2301.08,2005,2005
HD 96063,1,13.7,403.64,2011,2011
HD 96992,1,13.7,362.33,2021,2021
K2-193,1,3.95,14.8,2018,2018
K2-250,1,2.71,7.81,2018,2018
KELT-18,1,17.6,375.04,2017,2017
KMT-2021-BLG-0748L,1,14.3,143.02,2022,2022
KMT-2023-BLG-0416L,1,3.67,13.03,2024,2024
Kepler-1018,1,2.58,7.18,2016,2016
Kepler-1058,1,2.72,7.85,2016,2016
Kepler-1061,1,1.98,4.58,2016,2016
Kepler-1101,1,2.47,6.66,2016,2016
Gaia22dkvL,1,14.1,187.84,2024,2024
Kepler-1178,1,1.07,1.24,2016,2016
Kepler-1186,1,2.23,5.6,2016,2016
Kepler-1203,1,1.06,1.2,2016,2016
Kepler-1224,1,1.33,2.33,2016,2016
Kepler-1328,1,0.98,0.9,2016,2016
Kepler-1392,1,1.96,4.5,2016,2016
Kepler-1532,1,1.35,2.39,2016,2016
Kepler-1550,1,3.02,9.38,2016,2016
Kepler-1629,1,0.77,0.38,2016,2016
Kepler-1730,1,4.49,18.4,2021,2021
Kepler-1831,1,1.97,4.54,2021,2021
Kepler-1850,1,0.73,0.31,2021,2021
Kepler-1855,1,1.22,1.96,2021,2021
Kepler-39,1,13.9,6388.1,2011,2011
Kepler-427,1,13.79,92.17,2014,2014
Kepler-482,1,2.36,6.17,2016,2016
Kepler-526,1,1.99,4.62,2016,2016
Kepler-650,1,2.96,9.06,2016,2016
Kepler-661,1,3.07,9.64,2016,2016
Kepler-681,1,3.08,9.69,2016,2016
Kepler-705,1,2.11,5.1,2016,2016
Kepler-765,1,2.43,6.48,2016,2016
Kepler-833,1,2.02,4.74,2016,2016
Kepler-847,1,1.18,1.76,2016,2016
Kepler-860,1,3.24,10.6,2016,2016
Kepler-954,1,2.32,5.99,2016,2016
Kepler-996,1,1.98,4.58,2016,2016
L 168-9,1,1.63,4.07,2020,2020
MOA-2012-BLG-006L,1,12.6,2700.0,2017,2017
NGTS-2,1,17.88,235.19,2018,2018
OGLE-2007-BLG-349L A,1,10.7,80.0,2016,2016
OGLE-2015-BLG-1670L,1,4.42,17.9,2019,2019
OGLE-2018-BLG-1367L,1,13.8,301.94,2022,2022
Ross 176,1,1.84,4.57,2025,2025
TIC 349520724,1,2.83,8.38,2026,2026
TIC 65612701,1,5.08,22.7,2026,2026
TOI-1231,1,3.65,15.4,2021,2021
TOI-1443,1,2.3,30.0,2024,2024
TOI-1448,1,2.75,19.5,2024,2024
EPIC 246851721,1,11.78,953.49,2018,2018
TOI-2453,1,3.24,10.6,2026,2026
TOI-262,1,2.07,4.94,2023,2023
TOI-3856,1,13.6,171.63,2025,2025
TOI-4640,1,2.84,8.46,2026,2026
TOI-6303,1,11.59,2493.0,2025,2025
TrES-4,1,18.05,247.91,2007,2007
WASP-38,1,13.79,1093.34,2010,2010
Kepler-1279,1,1.75,3.71,2016,2016
Kepler-516,1,5.74,27.9,2016,2016
Kepler-1879,1,2.07,4.92,2021,2021
ISO-Oph 96,1,13.1,1080.62,2026,2026
Kepler-1027,1,0.89,0.64,2016,2016
Kepler-1070,1,1.73,3.64,2016,2016
KELT-3,1,17.49,616.59,2013,2013
Kepler-1235,1,0.79,0.42,2016,2016
Kepler-1253,1,1.33,2.33,2016,2016
Kepler-1261,1,2.26,5.73,2016,2016
Kepler-1286,1,2.15,5.27,2016,2016
Kepler-1320,1,1.7,3.53,2016,2016
Kepler-1373,1,1.16,1.65,2016,2016
Kepler-1425,1,0.94,0.78,2016,2016
Kepler-1453,1,2.67,7.61,2016,2016
Kepler-1475,1,2.92,8.85,2016,2016
Kepler-1480,1,1.67,3.43,2016,2016
Kepler-1522,1,1.73,3.64,2016,2016
Kepler-1579,1,0.84,0.52,2016,2016
Kepler-1598,1,0.95,0.81,2016,2016
GJ 740,1,1.53,2.96,2021,2021
Kepler-1852,1,1.89,4.22,2021,2021
K2-419 A,1,10.55,196.0,2024,2024
Kepler-1882,1,1.49,2.81,2021,2021
Kepler-1885,1,1.51,2.89,2021,2021
Kepler-1954,1,1.8,3.9,2021,2021
Kepler-1968,1,1.5,2.86,2021,2021
K2-409,1,2.48,6.72,2022,2022
Kepler-35,1,8.16,40.36,2011,2011
K2-394,1,1.69,3.51,2022,2022
Kepler-638,1,1.83,4.01,2016,2016
Kepler-686,1,12.15,,2016,2016
Kepler-695,1,9.21,62.3,2016,2016
K2-226,1,1.54,2.98,2018,2018
Kepler-846,1,2.48,6.71,2016,2016
Kepler-892,1,2.81,8.3,2016,2016
Kepler-894,1,2.78,8.15,2016,2016
Kepler-908,1,1.22,1.98,2016,2016
Kepler-997,1,1.36,2.42,2016,2016
ROXs 12,1,12.2,5085.0,2013,2013
TIC 237913194,1,12.52,617.23,2020,2020
K2-192,1,1.52,2.92,2018,2018
TOI-2152,1,14.36,899.45,2023,2023
TOI-2260,1,1.62,3.26,2022,2022
TOI-2368,1,10.84,206.59,2024,2024
TOI-3023,1,16.43,197.05,2023,2023
TYC 2187-512-1,1,12.5,104.88,2022,2022
WASP-52,1,14.24,146.2,2012,2012
kap And,1,15.92,5498.43,2012,2012
mu2 Sco,1,12.3,4576.73,2022,2022
K2-179,1,2.51,6.86,2018,2018
K2-175,1,2.04,4.81,2018,2018
BD+05 4868 A,1,,6.2,2025,2025
CD-35 2722,1,17.37,9375.94,2011,2011
EPIC 211822797,1,1.92,4.35,2016,2016
GJ 3988,1,1.74,3.69,2023,2023
K2-139,1,9.11,123.0,2017,2017
GJ 514,1,2.13,5.2,2022,2022
GJ 9404,1,3.48,11.9,2023,2023
HAT-P-27,1,11.43,197.05,2011,2011
HATS-46,1,10.12,54.98,2018,2018
K2-110,1,2.59,15.9,2017,2017
HATS-66,1,15.82,1694.03,2018,2018
HATS-77,1,13.06,436.7,2021,2021
HD 110537,1,11.9,8612.83,2022,2022
HD 44219,1,14.1,184.34,2010,2010
HD 161178,1,14.1,181.16,2021,2021
HD 165155,1,13.2,918.53,2016,2016
HD 152079,1,13.2,845.75,2009,2009
HD 205739,1,13.6,435.41,2008,2008
HD 21411,1,9.52,65.9,2019,2019
HD 21520,1,2.7,17.7,2024,2024
HD 14067,1,12.2,4862.77,2014,2014
HATS-17,1,8.71,425.26,2016,2016
HD 231701,1,13.7,359.15,2007,2007
HATS-12,1,7.76,759.61,2016,2016
HAT-P-54,1,10.58,241.55,2015,2015
HD 76920,1,13.1,994.8,2017,2017
HIP 79098 AB,1,12.1,6515.52,2019,2019
K2-150,1,2.0,4.66,2018,2018
Kepler-867,1,4.64,19.4,2016,2016
K2-27,1,4.74,30.2,2016,2016
K2-271,1,7.28,41.8,2018,2018
CoRoT-4,1,13.34,228.83,2008,2008
CoRoT-36,1,15.8,216.12,2022,2022
K2-347,1,2.41,6.39,2021,2021
CoRoT-35,1,18.83,349.61,2022,2022
KELT-21,1,17.78,1242.72,2018,2018
KMT-2019-BLG-1216L,1,5.98,29.88,2023,2023
KMT-2021-BLG-0712L,1,6.91,38.19,2023,2023
Kepler-1043,1,2.55,7.04,2016,2016
Kepler-1139,1,1.19,1.81,2016,2016
Kepler-1150,1,1.02,1.04,2016,2016
Kepler-1202,1,2.94,8.96,2016,2016
Kepler-1210,1,1.7,3.53,2016,2016
Kepler-1236,1,2.14,5.22,2016,2016
Kepler-1338,1,0.92,0.72,2016,2016
Kepler-1359,1,2.83,8.4,2016,2016
CT Cha,1,24.66,5403.0,2007,2007
Kepler-1418,1,1.66,3.39,2016,2016
BD+49 828,1,13.5,508.5,2015,2015
Kepler-1582,1,1.49,2.83,2016,2016
WASP-183,1,16.48,159.55,2019,2019
Kepler-1650,1,0.96,0.84,2017,2017
Kepler-1741,1,1.27,2.16,2021,2021
Kepler-1787,1,2.32,5.99,2021,2021
Kepler-1897,1,2.81,8.32,2021,2021
Kepler-1918,1,2.3,5.89,2021,2021
Kepler-1922,1,2.29,5.86,2021,2021
TOI-5803,1,3.27,10.7,2023,2023
Kepler-1997,1,2.28,5.82,2023,2023
TOI-5143,1,16.25,,2025,2025
TOI-4588,1,2.93,8.9,2026,2026
TOI-4087,1,13.05,232.01,2023,2023
TOI-3714,1,11.32,222.48,2022,2022
TOI-1899,1,11.1,212.95,2020,2020
TIC 270471727,1,2.75,8.0,2026,2026
PSR J2322-2650,1,13.9,252.64,2017,2017
BD+20 274,1,13.0,1334.89,2012,2012
Kepler-541,1,3.36,11.2,2016,2016
Kepler-568,1,2.26,5.73,2016,2016
Kepler-578,1,2.0,4.66,2016,2016
Kepler-582,1,3.68,13.1,2016,2016
OGLE-2013-BLG-1761L,1,13.2,860.0,2017,2017
Kepler-778,1,1.68,3.46,2016,2016
Kepler-837,1,2.56,7.08,2016,2016
Kepler-859,1,3.09,9.75,2016,2016
Kepler-885,1,2.5,6.8,2016,2016
NGTS-31,1,18.05,355.97,2025,2025
Kepler-951,1,5.59,26.7,2016,2016
OGLE-2018-BLG-0740L,1,12.9,1500.0,2019,2019
OGLE-2019-BLG-1053L,1,1.38,2.48,2021,2021
TOI-1080,1,1.2,10.7,2026,2026
NGTS-3 A,1,16.59,756.44,2018,2018
TOI-169,1,12.17,251.4,2020,2020
TOI-1772,1,2.91,8.78,2024,2024
MOA-2020-BLG-208L,1,7.71,46.0,2023,2023
TOI-2193 A,1,19.84,298.76,2022,2022
TOI-4214,1,10.68,165.27,2025,2025
TOI-5076,1,3.49,16.15,2024,2024
TOI-5293 A,1,11.9,170.4,2023,2023
TOI-6324,1,1.06,1.17,2025,2025
TYC 0434-04538-1,1,12.7,1938.76,2021,2021
WASP-14,1,15.47,2809.62,2008,2008
WASP-173 A,1,13.45,1172.79,2018,2018
WASP-22,1,13.79,212.95,2010,2010
Wendelstein-1,1,11.56,188.16,2020,2020
ups Leo,1,14.2,162.09,2021,2021
CI Tau,1,13.0,1144.18,2024,2024
EPIC 201238110,1,1.87,4.16,2019,2019
HAT-P-56,1,16.93,734.19,2015,2015
Kepler-425,1,10.96,79.45,2014,2014
HD 111591,1,12.9,1398.45,2017,2017
HD 145934,1,13.4,658.54,2015,2015
HD 24085,1,3.46,11.8,2019,2019
HD 94834,1,13.7,400.47,2018,2018
HIP 78530,1,12.0,7300.0,2010,2010
Kepler-861,1,2.28,5.82,2016,2016
K2-207,1,2.61,7.3,2018,2018
K2-345,1,2.11,5.1,2021,2021
Kepler-838,1,2.73,7.9,2016,2016
K2-98,1,5.07,34.01,2016,2016
KMT-2018-BLG-1990L,1,12.9,111.0,2019,2019
KMT-2021-BLG-1391L,1,1.97,4.55,2022,2022
Kepler-1020,1,2.28,5.82,2016,2016
Kepler-823,1,1.57,3.09,2016,2016
Kepler-764,1,1.64,3.33,2016,2016
Kepler-1078,1,1.9,4.27,2016,2016
Kepler-1164,1,1.12,1.46,2016,2016
Kepler-748,1,2.52,6.9,2016,2016
Kepler-1422,1,2.02,4.74,2016,2016
Kepler-1732,1,4.1,15.7,2021,2021
Kepler-1826,1,1.48,2.78,2021,2021
Kepler-1873,1,1.63,3.28,2021,2021
Kepler-1923,1,1.96,4.5,2021,2021
Kepler-694,1,2.8,8.25,2016,2016
Kepler-643,1,10.16,321.01,2016,2016
Kepler-474,1,3.06,9.59,2016,2016
Kepler-1704,1,11.95,1322.17,2021,2021
Kepler-422,1,12.89,136.66,2014,2014
Kepler-410 A,1,2.84,8.44,2013,2013
Kepler-562,1,5.21,23.7,2016,2016
KMT-2018-BLG-1292L,1,12.9,1400.0,2020,2020
Kepler-820,1,6.09,30.8,2016,2016
Kepler-1940,1,1.55,3.01,2021,2021
Kepler-987,1,3.26,10.7,2016,2016
OGLE-2016-BLG-0263L,1,13.0,1300.0,2017,2017
OGLE-2019-BLG-0362L,1,13.1,1036.12,2022,2022
Kepler-1761,1,1.39,2.51,2021,2021
TIC 178172313,1,2.8,8.27,2026,2026
TOI-1107,1,14.57,1064.73,2022,2022
Kepler-1755,1,5.92,29.4,2021,2021
TOI-1799,1,1.64,4.0,2024,2024
TOI-2025,1,11.89,1144.18,2022,2022
TOI-332,1,3.2,57.2,2023,2023
TOI-3877,1,11.68,99.8,2025,2025
TOI-4961,1,12.34,572.09,2025,2025
TOI-5380,1,3.48,11.9,2026,2026
TOI-799,1,2.07,4.92,2026,2026
WASP-184,1,14.91,181.16,2019,2019
gam Cep,1,12.7,2097.67,2003,2003
xi Aql,1,13.4,616.9,2007,2007
2MASS J12073346-3932539,1,15.69,1652.71,2004,2004
BD+20 594,1,2.58,22.25,2016,2016
BD+63 1405,1,12.4,3305.42,2021,2021
CoRoT-12,1,16.14,291.44,2010,2010
CoRoT-2,1,16.43,1102.82,2008,2008
DP Leo,1,12.7,1995.89,2009,2009
EPIC 220492298,1,0.99,0.94,2021,2021
GJ 341,1,0.88,4.0,2025,2025
HD 70573,1,12.8,1900.0,2007,2007
GU Psc,1,14.18,3591.3,2014,2014
HAT-P-15,1,11.88,616.59,2010,2010
HAT-P-37,1,13.2,371.53,2011,2011
HAT-P-42,1,14.35,331.8,2012,2012
HAT-P-7,1,16.93,584.81,2008,2008
HATS-1,1,14.59,589.55,2012,2012
HD 100655,1,13.5,511.71,2011,2011
HD 103891,1,13.2,918.52,2022,2022
Kepler-1645,1,1.78,3.82,2016,2016
HD 128717,1,12.1,6293.0,2025,2025
Kepler-1535,1,2.55,7.04,2016,2016
HD 167677,1,13.2,905.81,2023,2023
HD 199509,1,7.43,43.22,2022,2022
HD 222237,1,12.8,1649.53,2024,2024
Kepler-1433,1,1.56,3.05,2016,2016
HD 30669,1,14.3,149.37,2014,2014
HD 3651,1,10.1,72.47,2003,2003
Kepler-1314,1,5.11,22.9,2016,2016
HIP 79431,1,13.4,667.42,2009,2009
K2-171,1,2.69,7.69,2018,2018
Kepler-1265,1,1.35,2.39,2016,2016
Kepler-1263,1,1.14,1.55,2016,2016
K2-225,1,3.61,12.7,2018,2018
K2-355,1,2.25,5.69,2021,2021
K2-369,1,1.31,2.28,2022,2022
K2-379,1,2.18,5.4,2022,2022
K2-412,1,2.12,5.13,2022,2022
KELT-15,1,19.5,416.36,2016,2016
Kepler-1220,1,1.52,2.92,2016,2016
Kepler-1025,1,1.98,4.58,2016,2016
Kepler-1069,1,1.6,3.19,2016,2016
Kepler-1071,1,2.38,6.26,2016,2016
KMT-2025-BLG-0481L,1,14.1,187.52,2026,2026
Kepler-12,1,19.66,137.3,2011,2011
Kepler-1209,1,1.51,2.89,2016,2016
Kepler-1249,1,2.38,6.26,2016,2016
Kepler-1326,1,4.18,16.3,2016,2016
Kepler-1554,1,2.9,8.75,2016,2016
Kepler-1606,1,2.07,4.94,2016,2016
Kepler-1612,1,1.03,1.08,2016,2016
Kepler-1715,1,4.14,16.0,2021,2021
Kepler-1762,1,2.76,8.05,2021,2021
Kepler-1777,1,2.13,5.19,2021,2021
Kepler-1808,1,3.03,9.4,2021,2021
Kepler-1865,1,1.58,3.11,2021,2021
KELT-24,1,12.71,1458.83,2019,2019
Kepler-1904,1,1.39,2.51,2021,2021
Kepler-1909,1,1.09,1.33,2021,2021
Kepler-1933,1,1.18,1.76,2021,2021
Kepler-1944,1,2.76,8.05,2021,2021
K2-376,1,1.74,3.66,2022,2022
K2-28,1,2.32,5.99,2016,2016
K2-14,1,4.81,20.7,2015,2015
Kepler-515,1,1.46,2.73,2016,2016
Kepler-586,1,2.79,8.2,2016,2016
Kepler-627,1,3.73,13.4,2016,2016
Kepler-792,1,1.96,4.5,2016,2016
HIP 34222,1,13.9,263.8,2021,2021
Kepler-985,1,2.98,9.17,2016,2016
NGC 2682 YBP 401,1,14.3,146.2,2016,2016
TOI-1268,1,9.1,96.4,2022,2022
GJ 9689,1,3.07,9.65,2020,2020
TOI-1750,1,2.79,8.19,2026,2026
TOI-2018,1,2.27,9.2,2023,2023
HD 285507,1,13.8,311.47,2013,2013
TOI-3135,1,13.65,327.36,2025,2025
TOI-3160 A,1,13.76,378.22,2025,2025
TOI-3568,1,5.3,26.4,2024,2024
TOI-4379,1,16.69,353.74,2024,2024
HD 212301,1,14.2,162.09,2005,2005
WASP-177,1,17.71,161.46,2019,2019
WASP-37,1,13.0,572.07,2010,2010
WTS-2,1,15.28,355.97,2014,2014
Wendelstein-2,1,12.99,232.33,2020,2020
Wolf 1069,1,1.08,1.26,2023,2023
CoRoT-16,1,13.11,170.03,2011,2011
HD 211970,1,3.66,13.0,2019,2019
HAT-P-1,1,14.78,166.86,2006,2006
HD 17156,1,12.26,1036.12,2007,2007
HD 150010,1,13.3,762.79,2022,2022
HATS-65,1,16.82,260.94,2018,2018
HD 106252,1,12.5,3178.28,2002,2002
HD 224693,1,14.0,222.48,2006,2006
HD 49674,1,6.2,31.78,2002,2002
HD 86065,1,12.5,2877.3,2022,2022
HD 89744,1,12.6,2653.88,1999,1999
HD 9174,1,13.7,352.79,2016,2016
KELT-8,1,18.16,209.77,2015,2015
KMT-2018-BLG-1025L,1,2.34,6.06,2021,2021
Kepler-1019,1,1.46,2.73,2016,2016
Kepler-1212,1,2.14,5.22,2016,2016
Kepler-1230,1,2.71,7.8,2016,2016
Kepler-1257,1,1.52,2.92,2016,2016
HD 143811 A,1,15.69,1938.75,2025,2025
Kepler-1430,1,1.18,1.76,2016,2016
Kepler-1584,1,1.61,3.22,2016,2016
Kepler-1599,1,1.62,3.26,2016,2016
Kepler-1697,1,1.26,2.12,2020,2020
Kepler-1738,1,2.82,8.37,2021,2021
Kepler-1832,1,1.23,2.02,2021,2021
Kepler-1835,1,3.53,12.2,2021,2021
HD 141937,1,11.9,8714.85,2002,2002
HD 125390,1,11.9,8646.2,2019,2019
HATS-64,1,18.82,305.12,2018,2018
Kepler-408,1,0.82,5.0,2014,2014
Kepler-567,1,2.25,5.69,2016,2016
Kepler-576,1,3.27,10.7,2016,2016
Kepler-588,1,2.63,7.41,2016,2016
Kepler-659,1,2.5,6.8,2016,2016
Kepler-692,1,3.11,9.85,2016,2016
Kepler-796,1,1.3,2.24,2016,2016
Kepler-855,1,8.35,52.7,2016,2016
Kepler-91,1,15.32,257.44,2013,2013
OGLE-2011-BLG-0173L,1,9.01,60.0,2018,2018
OGLE-2017-BLG-1806L,1,2.15,5.27,2023,2023
OGLE-2023-BLG-0836L,1,12.9,1385.73,2024,2024
TIC 423703298,1,2.77,8.11,2026,2026
TIC 46432937,1,13.32,1017.05,2024,2024
TOI-139,1,2.46,6.6,2023,2023
TOI-1744,1,2.68,7.65,2024,2024
TOI-4363,1,1.77,3.77,2026,2026
TOI-4791,1,12.44,734.18,2023,2023
CFBDSIR J145829+101343,1,12.4,3337.1,2011,2011
WASP-44,1,12.33,276.51,2011,2011
WTS-1,1,16.7,1274.44,2012,2012
BEBOP-4 A,1,,8358.89,2025,2025
CFHTWIR-Oph 98 A,1,20.85,2479.06,2020,2020
CoRoT-23,1,11.77,889.9,2011,2011
EPIC 212499991,1,1.6,3.19,2019,2019
G 196-3,1,12.0,8263.54,2024,2024
HAT-P-6,1,16.59,419.54,2007,2007
HD 181342,1,13.2,807.29,2009,2009
HD 209458,1,15.58,232.02,1999,1999
K2-206,1,2.8,8.22,2018,2018
K2-221,1,1.68,3.46,2018,2018
K2-259,1,2.32,5.99,2018,2018
K2-317,1,2.93,8.91,2020,2020
K2-393,1,2.35,6.13,2022,2022
K2-61,1,1.92,4.35,2016,2016
KMT-2019-BLG-2974L,1,11.4,88.99,2022,2022
KMT-2023-BLG-0466L,1,13.1,1032.94,2026,2026
Kepler-1000,1,4.76,20.3,2016,2016
Kepler-1051,1,3.4,11.5,2016,2016
Kepler-1145,1,1.4,2.54,2016,2016
Kepler-1324,1,1.51,2.89,2016,2016
Kepler-1467,1,3.3,10.9,2016,2016
Kepler-1540,1,2.49,6.76,2016,2016
Kepler-1559,1,0.72,0.3,2016,2016
Kepler-1574,1,1.29,2.21,2016,2016
Kepler-1626,1,2.02,4.74,2016,2016
Kepler-1632,1,2.47,6.66,2016,2016
Kepler-813,1,2.14,5.22,2016,2016
Kepler-41,1,14.46,177.98,2011,2011
Kepler-484,1,2.28,5.82,2016,2016
Kepler-580,1,2.57,7.13,2016,2016
Kepler-668,1,2.7,7.75,2016,2016
Kepler-682,1,7.37,42.6,2016,2016
Kepler-710,1,1.88,4.19,2016,2016
Kepler-856,1,9.3,63.3,2016,2016
Kepler-926,1,2.31,5.95,2016,2016
Kepler-935,1,1.35,2.39,2016,2016
Kepler-982,1,2.25,5.69,2016,2016
MOA-2011-BLG-322L,1,12.4,3690.0,2013,2013
NGTS-12,1,11.75,66.11,2020,2020
NGTS-20,1,11.99,947.13,2022,2022
NGTS-34,1,3.65,19.1,2025,2025
NGTS-4,1,3.18,20.6,2019,2019
NGTS-8,1,12.22,295.58,2019,2019
OGLE-2017-BLG-1049L,1,12.8,1760.0,2020,2020
OGLE-2018-BLG-0516L,1,4.73,20.1,2022,2022
TIC 147027702,1,10.93,346.43,2026,2026
TOI-1230,1,3.24,10.6,2021,2021
TOI-1873,1,2.86,8.57,2026,2026
TOI-3976 A,1,12.27,55.62,2023,2023
TOI-6420,1,11.94,2606.19,2025,2025
TOI-7041,1,11.43,114.42,2025,2025
USco CTIO 108,1,12.3,4449.62,2008,2008
WASP-118,1,16.14,163.36,2016,2016
WASP-83,1,11.66,95.35,2015,2015
WASP-94 B,1,14.1,196.41,2014,2014
EPIC 201841433,1,1.04,1.12,2019,2019
HATS-51,1,15.8,244.09,2017,2017
HD 106270,1,12.4,3623.24,2011,2011
HD 135344 A,1,16.25,3178.28,2025,2025
HD 148156,1,13.9,270.14,2009,2009
HD 164509,1,14.3,140.8,2010,2010
HD 18742,1,13.1,1080.62,2011,2011
HD 196050,1,12.9,1493.79,2002,2002
HD 210702,1,13.6,481.51,2007,2007
HD 28192,1,12.2,99.8,2022,2022
HD 72892,1,12.8,1737.89,2016,2016
HD 80883,1,12.8,1748.06,2022,2022
K2-218,1,2.57,7.13,2018,2018
K2-241,1,2.55,7.04,2018,2018
K2-261,1,9.27,68.97,2018,2018
K2-401,1,2.26,5.74,2022,2022
K2-69,1,2.32,5.99,2016,2016
K2-74,1,2.31,5.95,2016,2016
KELT-11,1,15.13,65.15,2017,2017
KMT-2019-BLG-0253L,1,2.99,9.2,2022,2022
KMT-2021-BLG-1372L,1,9.12,61.27,2022,2022
KMT-2024-BLG-1209L,1,13.2,839.07,2025,2025
Kepler-1174,1,1.59,3.15,2016,2016
Kepler-1223,1,1.22,1.98,2016,2016
Kepler-1331,1,1.05,1.16,2016,2016
Kepler-1356,1,1.53,2.96,2016,2016
Kepler-1399,1,1.25,2.1,2016,2016
Kepler-1401,1,1.68,3.46,2016,2016
Kepler-1501,1,1.56,3.05,2016,2016
Kepler-1660 A,1,12.9,1586.6,2023,2023
Kepler-1789,1,2.83,8.4,2021,2021
Kepler-1854,1,2.59,7.21,2021,2021
Kepler-1899,1,1.55,3.02,2021,2021
Kepler-461,1,2.58,7.18,2016,2016
Kepler-472,1,3.22,10.5,2016,2016
Kepler-550,1,4.42,17.9,2016,2016
Kepler-583,1,2.28,5.82,2016,2016
Kepler-608,1,3.64,12.9,2016,2016
Kepler-693,1,10.18,73.8,2016,2016
Kepler-703,1,8.2,51.1,2016,2016
Kepler-786,1,2.43,6.48,2016,2016
Kepler-806,1,1.14,1.55,2016,2016
Kepler-834,1,2.02,4.74,2016,2016
Kepler-99,1,1.48,6.15,2014,2014
MOA-2013-BLG-220L,1,13.2,871.0,2014,2014
MOA-bin-1L,1,13.0,1200.0,2012,2012
MWC 758,1,,,2023,2023
NSVS 14256825,1,12.3,4497.29,2019,2019
OGLE-TR-211,1,15.24,327.35,2007,2007
PZ Tel,1,11.9,8581.37,2023,2023
SWEEPS-4,1,9.08,1207.7,2006,2006
TOI-1710,1,5.2,22.4,2022,2022
TOI-1807,1,1.5,2.44,2021,2021
TOI-2545,1,2.75,8.0,2022,2022
TOI-2989,1,12.55,953.49,2025,2025
TOI-5300,1,9.86,190.7,2025,2025
TOI-6029,1,14.39,519.65,2024,2024
TOI-6130,1,14.35,333.72,2024,2024
WASP-19,1,15.86,366.77,2009,2009
WASP-192,1,13.79,731.01,2019,2019
WASP-69,1,11.21,82.58,2014,2014
eps Ind A,1,12.6,2425.03,2019,2019
HD 112300,1,12.2,5031.22,2023,2023
WASP-57,1,11.77,204.68,2012,2012
HD 10697,1,12.8,1825.29,1999,1999
HD 110082,1,3.2,10.3,2021,2021
HD 143105,1,13.7,384.57,2016,2016
HD 145377,1,12.8,1913.34,2008,2008
HD 17674,1,13.9,276.51,2017,2017
HATS-6,1,11.19,101.39,2015,2015
HD 45652,1,14.3,137.62,2008,2008
HD 80913,1,12.0,7505.2,2022,2022
HD 82886,1,13.3,740.54,2011,2011
HIP 105854,1,12.6,2606.1,2014,2014
K2-132,1,14.57,155.74,2017,2017
K2-2016-BLG-0005L,1,13.7,349.61,2023,2023
K2-245,1,4.34,17.4,2018,2018
TOI-3919,1,12.32,1233.17,2024,2024
K2-375,1,2.24,5.66,2022,2022
KMT-2016-BLG-1337L,1,11.4,88.99,2026,2026
KMT-2022-BLG-0440L,1,4.05,15.4,2023,2023
KMT-2023-BLG-1896L,1,4.19,16.35,2025,2025
HAT-P-61,1,10.08,335.94,2021,2021
Kepler-1006,1,1.54,2.99,2016,2016
Kepler-1075,1,1.42,2.6,2016,2016
HAT-P-39,1,17.61,190.37,2012,2012
Kepler-1205,1,1.41,2.57,2016,2016
Kepler-1259,1,1.43,2.63,2016,2016
Kepler-1369,1,2.69,7.7,2016,2016
Kepler-1381,1,2.25,5.69,2016,2016
GJ 896 A,1,13.3,718.29,2022,2022
Kepler-1538,1,2.82,8.35,2016,2016
Kepler-16,1,8.45,105.83,2011,2011
GJ 680,1,12.0,7977.49,2022,2022
Kepler-1640,1,4.82,20.7,2016,2016
11 Com,1,12.2,4914.9,2007,2007
Kepler-1758,1,2.57,7.13,2021,2021
Kepler-1780,1,3.61,12.7,2021,2021
Kepler-1812,1,2.32,6.01,2021,2021
Kepler-1824,1,2.38,6.26,2021,2021
WD 0806-661,1,12.6,2542.63,2011,2011
Kepler-1964,1,1.78,3.83,2021,2021
WASP-167,1,17.71,2542.64,2017,2017
WASP-165,1,14.12,209.13,2018,2018
WASP-119,1,15.69,390.93,2016,2016
TOI-762 A,1,8.34,79.77,2024,2024
TOI-715,1,1.55,3.02,2023,2023
Kepler-491,1,8.92,59.0,2016,2016
Kepler-5,1,15.98,670.94,2009,2009
Kepler-684,1,3.36,11.2,2016,2016
Kepler-780,1,0.89,0.64,2016,2016
Kepler-946,1,1.93,4.38,2016,2016
Kepler-947,1,2.28,5.82,2016,2016
Kepler-948,1,1.85,4.08,2016,2016
MOA-2011-BLG-293L,1,12.9,1500.0,2012,2012
OGLE-2012-BLG-0406L,1,13.2,868.0,2013,2013
OGLE-2015-BLG-1609L,1,10.4,76.28,2025,2025
TIC 62895484,1,3.49,12.0,2026,2026
TOI-4794,1,14.36,308.29,2025,2025
TOI-1855,1,18.49,360.1,2024,2024
TOI-205,1,2.5,6.81,2026,2026
TOI-2104,1,1.53,2.95,2026,2026
TOI-2109,1,15.1,1595.5,2021,2021
TOI-2211,1,1.56,3.06,2024,2024
TOI-2285,1,1.77,19.5,2021,2021
TOI-4515,1,12.17,637.0,2024,2024
TOI-3082,1,3.66,13.0,2023,2023
TOI-4029,1,6.74,36.6,2026,2026
TOI-4487 A,1,14.61,397.29,2025,2025
TOI-4641,1,8.18,1230.0,2023,2023
TOI-4734,1,10.92,61.66,2025,2025
TOI-6330,1,10.89,3179.0,2025,2025
TOI-6677,1,5.84,28.7,2026,2026
TOI-6699,1,2.33,6.02,2026,2026
TOI-941,1,6.51,34.6,2026,2026
WASP-114,1,15.01,562.24,2016,2016
WASP-121,1,19.53,371.86,2016,2016
WASP-139,1,8.97,37.19,2016,2016
Kepler-421,1,4.16,16.1,2014,2014
2MASS J01033563-5515561 A,1,12.3,4131.79,2013,2013
TOI-2986,1,9.29,96.62,2025,2025
TOI-2445,1,1.25,2.1,2022,2022
HD 108341,1,13.3,715.11,2014,2014
TOI-2196,1,3.51,26.0,2022,2022
HD 147513,1,13.7,385.0,2003,2003
HD 18438,1,12.1,6674.4,2023,2023
TIC 160113658,1,3.49,12.0,2026,2026
HD 219139,1,14.0,247.91,2021,2021
HD 222582,1,12.6,2660.24,1999,1999
HD 22532,1,13.4,673.8,2022,2022
SR 12 AB,1,12.3,4131.62,2010,2010
OGLE-TR-56,1,15.28,441.77,2002,2002
HD 77946,1,2.9,10.9,2024,2024
MASCARA-4,1,16.98,532.36,2020,2020
HIP 107773,1,13.4,629.3,2015,2015
K2-22,1,2.3,444.96,2015,2015
K2-222,1,2.28,7.5,2018,2018
Kepler-970,1,2.61,7.31,2016,2016
K2-70,1,2.89,8.7,2016,2016
KELT-14,1,19.54,408.09,2016,2016
KMT-2016-BLG-1107L,1,13.1,1043.0,2019,2019
KMT-2021-BLG-0192L,1,6.56,34.96,2022,2022
Kepler-1036,1,3.01,9.32,2016,2016
Kepler-1066,1,2.36,6.17,2016,2016
Kepler-1188,1,2.08,4.98,2016,2016
Kepler-1271,1,1.48,2.79,2016,2016
Kepler-1276,1,1.19,1.81,2016,2016
Kepler-1298,1,1.31,2.27,2016,2016
Kepler-1313,1,1.76,3.75,2016,2016
Kepler-919,1,2.25,5.69,2016,2016
Kepler-1477,1,1.18,1.76,2016,2016
Kepler-1498,1,1.33,2.33,2016,2016
Kepler-1524,1,3.54,12.3,2016,2016
Kepler-1674,1,3.21,10.4,2020,2020
Kepler-1698,1,1.07,1.25,2020,2020
Kepler-1750,1,6.0,30.1,2021,2021
Kepler-1813,1,1.41,2.58,2021,2021
Kepler-1886,1,2.58,7.18,2021,2021
Kepler-1888,1,1.33,2.32,2021,2021
Kepler-882,1,1.23,2.04,2016,2016
Kepler-817,1,9.03,60.2,2016,2016
Kepler-805,1,2.89,8.7,2016,2016
Kepler-423,1,13.36,189.1,2014,2014
Kepler-791,1,3.05,9.53,2016,2016
Kepler-720,1,8.41,53.4,2016,2016
Kepler-544,1,2.12,5.14,2016,2016
Kepler-575,1,2.39,6.3,2016,2016
Kepler-611,1,1.65,3.36,2016,2016
Kepler-600,1,2.9,8.75,2016,2016
Kepler-636,1,4.45,18.1,2016,2016
Kepler-669,1,4.83,20.8,2016,2016
Kepler-744,1,1.62,3.26,2016,2016
Kepler-812,1,3.55,12.3,2016,2016
OGLE-2016-BLG-1800L,1,13.2,823.18,2024,2024
TIC 393818343,1,12.18,1379.38,2024,2024
TOI-1227,1,9.57,66.5,2022,2022
Kepler-478,1,2.71,7.8,2016,2016
TOI-1739,1,1.95,4.45,2024,2024
TOI-1853,1,3.46,73.2,2023,2023
Kepler-1423,1,1.06,1.2,2016,2016
TOI-2529,1,11.55,743.72,2024,2024
TOI-5486,1,3.97,14.9,2026,2026
TOI-5630,1,2.37,6.22,2026,2026
TOI-6716,1,0.98,0.91,2026,2026
TOI-837,1,9.17,120.46,2020,2020
WASP-166,1,7.06,32.1,2019,2019
WASP-28,1,13.66,282.55,2014,2014
WASP-68,1,14.8,343.26,2014,2014
ZTF J1230-2655,1,13.79,7024.01,2025,2025
2MASS J04372171+2651014,1,13.0,1271.31,2021,2021
Kepler-1900,1,1.62,3.27,2021,2021
HATS-56,1,18.92,191.33,2019,2019
HD 101930,1,10.6,79.46,2005,2005
HD 109749,1,11.1,85.81,2005,2005
HD 135625,1,13.3,731.01,2023,2023
HD 213240,1,12.8,1655.89,2001,2001
HD 56414,1,3.71,13.3,2022,2022
Kepler-1866,1,2.08,4.99,2021,2021
HD 73256,1,12.2,5085.25,2023,2023
HD 79498,1,13.6,425.89,2011,2011
HD 90156,1,4.43,17.98,2009,2009
Kepler-1825,1,1.42,2.61,2021,2021
Kepler-1766,1,2.28,5.81,2021,2021
HIP 5763,1,14.2,162.09,2021,2021
K2-208,1,1.67,3.45,2018,2018
KMT-2023-BLG-1431L,1,3.76,13.6,2024,2024
KMT-2024-BLG-1870L,1,13.8,336.9,2026,2026
KOI-7913 A,1,2.34,6.08,2022,2022
Kepler-1158,1,2.34,6.08,2016,2016
Kepler-1512,1,1.18,1.76,2016,2016
Kepler-1213,1,1.19,1.81,2016,2016
Kepler-1414,1,1.23,2.04,2016,2016
Kepler-1462,1,3.82,14.0,2016,2016
Kepler-1543,1,2.71,7.8,2016,2016
Kepler-1627,1,3.69,13.2,2016,2016
Kepler-1680,1,1.36,2.42,2020,2020
Kepler-1485,1,1.47,2.76,2016,2016
Kepler-1466,1,1.55,3.02,2016,2016
Kepler-525,1,2.63,7.41,2016,2016
Kepler-535,1,2.36,6.17,2016,2016
Kepler-546,1,7.0,39.1,2016,2016
Kepler-551,1,2.73,7.9,2016,2016
Kepler-655,1,2.71,7.8,2016,2016
Kepler-698,1,3.68,13.1,2016,2016
Kepler-743,1,1.21,1.92,2016,2016
Kepler-939,1,1.75,3.71,2016,2016
LHS 475,1,0.99,0.94,2023,2023
MOA-2010-BLG-073L,1,12.4,3500.0,2012,2012
OGLE-2011-BLG-0265L,1,13.9,280.0,2015,2015
OGLE-2014-BLG-0319L,1,14.1,181.16,2022,2022
OGLE-2014-BLG-0676L,1,13.0,1169.61,2016,2016
OGLE-2017-BLG-0482L,1,2.95,9.0,2018,2018
OGLE-2019-BLG-1180L,1,13.5,555.25,2023,2023
OGLE-TR-111,1,11.42,174.8,2004,2004
OGLE-TR-132,1,13.45,375.02,2004,2004
TIC 294329732,1,2.08,4.97,2026,2026
TOI-2373,1,10.42,2955.8,2023,2023
TOI-2407,1,4.26,16.8,2025,2025
TOI-2427,1,1.8,3.89,2022,2022
TOI-2447,1,9.61,124.91,2024,2024
TOI-2641,1,18.1,122.68,2023,2023
WASP-1,1,16.62,271.42,2007,2007
WASP-100,1,14.91,400.47,2014,2014
WASP-158,1,11.99,886.75,2018,2018
WASP-56,1,10.54,143.02,2012,2012
WASP-98,1,12.82,293.04,2014,2014
2MASS J04414489+2301513,1,12.6,2383.6,2010,2010
91 Aqr,1,13.1,1017.0,2013,2013
EPIC 201427007,1,1.5,2.86,2021,2021
GJ 649,1,10.8,82.0,2009,2009
HAT-P-41,1,22.98,378.22,2012,2012
HAT-P-43,1,13.63,210.4,2012,2012
HATS-14,1,11.65,340.4,2015,2015
HATS-9,1,13.85,266.02,2015,2015
HD 126614,1,12.7,107.74,2009,2009
HD 20782,1,13.6,472.83,2006,2006
HD 210193,1,14.3,153.1,2019,2019
KOI-2513,1,2.8,7310.05,2023,2023
HD 98219,1,13.4,624.22,2011,2011
HIP 35965,1,12.6,2589.98,2022,2022
K2-258,1,3.0,9.27,2018,2018
K2-315,1,0.95,0.81,2020,2020
K2-85,1,1.4,3.2,2016,2016
K2-95,1,3.31,11.0,2016,2016
KMT-2024-BLG-0349L,1,12.4,3769.44,2026,2026
Kepler-1035,1,1.17,1.71,2016,2016
Kepler-1273,1,2.49,6.76,2016,2016
Kepler-1394,1,1.39,2.51,2016,2016
Kepler-1426,1,1.56,3.05,2016,2016
Kepler-1441,1,1.31,2.27,2016,2016
Kepler-1455,1,2.16,5.31,2016,2016
Kepler-1608,1,1.73,3.64,2016,2016
Kepler-1708,1,9.96,1462.01,2021,2021
Kepler-1798,1,2.31,5.94,2021,2021
Kepler-1830,1,3.33,11.1,2021,2021
Kepler-1874,1,2.21,5.52,2021,2021
Kepler-1935,1,2.5,6.82,2021,2021
Kepler-537,1,1.41,2.57,2016,2016
Kepler-623,1,3.01,9.32,2016,2016
Kepler-642,1,2.9,8.75,2016,2016
Kepler-1301,1,1.4,2.54,2016,2016
Kepler-886,1,1.52,2.92,2016,2016
Kepler-1122,1,2.04,4.82,2016,2016
Kepler-944,1,2.63,7.41,2016,2016
Kepler-972,1,4.65,19.5,2016,2016
Kepler-988,1,2.07,4.94,2016,2016
Kepler-994,1,1.6,3.19,2016,2016
Kepler-999,1,2.34,6.08,2016,2016
LHS 1815,1,1.09,1.58,2020,2020
MOA-2009-BLG-266L,1,3.21,10.4,2011,2011
OGLE-2005-BLG-071L,1,13.0,1200.0,2005,2005
OGLE-2017-BLG-1434L,1,1.94,4.43,2018,2018
Qatar-10,1,17.3,233.92,2019,2019
TIC 117642575,1,2.83,8.38,2026,2026
TOI-157,1,14.41,375.04,2020,2020
TOI-2088,1,3.68,37.0,2024,2024
TOI-209,1,2.39,6.32,2026,2026
TOI-3331 A,1,12.98,721.47,2022,2022
TOI-4666,1,12.53,155.42,2025,2025
TOI-5926,1,7.57,44.6,2026,2026
TOI-628,1,11.88,2011.86,2021,2021
TOI-858 B,1,14.07,349.61,2023,2023
TOI-929,1,2.69,7.7,2026,2026
WASP-64,1,14.25,403.95,2012,2012
BEBOP-3,1,14.2,177.35,2025,2025
DMPP-9,1,3.89,14.43,2026,2026
Gaia-5,1,12.1,6633.08,2025,2025
HAT-P-3,1,10.54,206.59,2007,2007
HAT-P-40,1,17.04,152.56,2012,2012
HD 16905,1,12.4,3591.46,2022,2022
HD 169142,1,13.1,953.49,2023,2023
HD 196885 A,1,13.2,819.97,2007,2007
HD 222076,1,13.5,495.81,2016,2016
HD 222155,1,13.4,581.63,2011,2011
HD 224538,1,12.7,2075.74,2016,2016
HD 284149 A,1,12.0,8352.53,2017,2017
HD 88072,1,12.6,2511.8,2022,2022
K2-13,1,1.89,4.23,2015,2015
K2-217,1,3.58,12.5,2018,2018
K2-382,1,2.07,4.95,2022,2022
KMT-2021-BLG-2609L,1,3.17,10.17,2024,2024
KOI-4777,1,0.51,99.2,2022,2022
Kepler-1007,1,1.44,2.67,2016,2016
Kepler-1118,1,2.74,7.95,2016,2016
Kepler-1123,1,1.67,3.43,2016,2016
Kepler-1135,1,1.85,4.08,2016,2016
Kepler-1147,1,2.61,7.32,2016,2016
Kepler-1173,1,0.89,0.64,2016,2016
Kepler-1219,1,2.12,5.14,2016,2016
Kepler-1293,1,0.97,0.87,2016,2016
Kepler-1405,1,3.96,14.9,2016,2016
Kepler-1412,1,0.83,0.5,2016,2016
Kepler-1448,1,1.61,3.22,2016,2016
Kepler-1558,1,0.68,0.24,2016,2016
Kepler-1615,1,2.06,4.9,2016,2016
Kepler-1745,1,1.93,4.38,2021,2021
Kepler-1810,1,3.92,14.6,2021,2021
Kepler-1833,1,1.3,2.24,2021,2021
Kepler-1966,1,1.1,1.39,2021,2021
KOI-13,1,16.95,2949.46,2011,2011
Kepler-666,1,2.4,6.35,2016,2016
Kepler-729,1,3.58,12.5,2016,2016
Kepler-794,1,2.11,5.1,2016,2016
Kepler-934,1,2.09,5.02,2016,2016
Kepler-941,1,3.08,9.69,2016,2016
Kepler-962,1,1.97,4.54,2016,2016
OGLE-2017-BLG-1522L,1,14.0,240.0,2018,2018
OGLE-2019-BLG-0249L,1,12.7,2262.94,2023,2023
TOI-1135,1,9.92,58.8,2024,2024
TOI-1296,1,14.12,95.3,2021,2021
TOI-159,1,18.18,1110.0,2026,2026
TOI-1789,1,16.14,222.48,2021,2021
TOI-206,1,1.3,2.24,2022,2022
TOI-2236,1,14.37,502.17,2022,2022
TOI-2266,1,1.54,2.99,2024,2024
TOI-4559,1,1.42,2.59,2024,2024
TOI-480,1,2.85,20.8,2024,2024
TOI-892,1,11.99,301.94,2020,2020
HIP 109600,1,13.2,851.78,2016,2016
KMT-2024-BLG-2087L,1,12.9,1395.27,2026,2026
K2-404,1,2.53,6.94,2022,2022
GJ 436,1,4.17,22.1,2004,2004
K2-289,1,9.1,61.0,2019,2019
HATS-48 A,1,8.97,77.23,2020,2020
BD+14 4559,1,13.8,330.54,2009,2009
1RXS J160929.1-210524,1,18.65,3000.0,2008,2008
HD 131496,1,13.4,572.09,2011,2011
HD 141004,1,3.77,13.63,2021,2021
K2-248,1,2.57,7.13,2018,2018
HR 810,1,12.7,1970.54,1999,1999
HD 162020,1,12.5,3127.45,2002,2002
Kepler-824,1,1.87,4.16,2016,2016
HD 95127,1,12.4,3378.53,2015,2015
HD 32518,1,13.2,905.49,2009,2009
HD 89839,1,12.8,1748.06,2023,2023
HD 42618,1,3.89,14.4,2016,2016
HD 457,1,11.9,8445.34,2022,2022
HD 5583,1,12.8,1837.06,2016,2016
HD 4208,1,13.9,257.44,2001,2001
HD 80869,1,12.8,1609.8,2021,2021
HD 95544,1,12.8,1913.64,2021,2021
HIP 63242,1,12.5,2917.56,2013,2013
HD 218566,1,9.32,63.57,2010,2010
HIP 99770,1,12.2,5403.08,2023,2023
HD 206255,1,6.47,34.2,2019,2019
K2-214,1,2.51,6.85,2018,2018
HD 175167,1,12.3,4703.86,2009,2009
HD 174205,1,13.0,1334.88,2022,2022
HD 129445,1,13.3,797.75,2009,2009
K2-33,1,5.04,1175.97,2016,2016
HATS-7,1,6.31,38.14,2015,2015
K2-49,1,1.93,4.38,2016,2016
KELT-16,1,15.86,874.03,2017,2017
KMT-2019-BLG-1339L,1,13.7,397.0,2020,2020
KMT-2021-BLG-0119L,1,12.8,1754.41,2022,2022
KMT-2021-BLG-0240L,1,9.6,66.74,2022,2022
G 9-40,1,1.9,4.0,2019,2019
CoRoT-17,1,11.43,772.29,2011,2011
AB Pic,1,12.3,4290.5,2005,2005
Kepler-1055,1,1.23,2.04,2016,2016
Kepler-1056,1,3.01,9.32,2016,2016
Kepler-1076,1,0.8,0.44,2016,2016
Kepler-1134,1,2.64,7.46,2016,2016
WASP-59,1,8.69,274.28,2012,2012
WASP-147,1,12.5,87.4,2018,2018
Kepler-1274,1,1.42,2.6,2016,2016
Kepler-1342,1,1.66,3.39,2016,2016
WASP-105,1,10.76,572.09,2017,2017
WASP-101,1,16.03,162.09,2014,2014
Kepler-1510,1,3.36,11.2,2016,2016
Kepler-1595,1,1.23,2.04,2016,2016
Kepler-1661,1,3.87,17.0,2020,2020
Kepler-1701,1,2.22,5.57,2020,2020
Kepler-1721,1,3.12,9.9,2021,2021
Kepler-1796,1,2.75,8.0,2021,2021
Kepler-1856,1,1.73,3.66,2021,2021
Kepler-1993,1,4.15,16.1,2023,2023
Kepler-1994,1,0.51,0.09,2023,2023
TOI-833,1,1.27,2.15,2022,2022
TOI-5726,1,2.55,7.05,2024,2024
TOI-5153,1,11.88,1036.12,2022,2022
TOI-4633,1,3.2,123.0,2024,2024
OGLE-2019-BLG-1470L A,1,13.3,699.22,2022,2022
OGLE-2019-BLG-0304L,1,14.2,162.09,2021,2021
OGLE-2018-BLG-0567L,1,12.3,101.71,2021,2021
Kepler-409,1,1.2,6.0,2014,2014
OGLE-2013-BLG-0341L B,1,1.16,1.66,2014,2014
Kepler-509,1,2.49,6.76,2016,2016
Kepler-942,1,2.13,5.18,2016,2016
Kepler-530,1,3.01,9.32,2016,2016
Kepler-548,1,11.99,,2016,2016
Kepler-557,1,2.67,7.61,2016,2016
Kepler-928,1,1.59,3.15,2016,2016
Kepler-751,1,2.46,6.62,2016,2016
Kepler-762,1,12.68,,2016,2016
Kepler-1736,1,3.88,14.3,2021,2021
Kepler-924,1,3.07,9.64,2016,2016
Kepler-971,1,2.13,5.18,2016,2016
Kepler-978,1,2.99,9.22,2016,2016
LTT 9779,1,4.72,29.32,2020,2020
MOA-2009-BLG-387L,1,13.2,830.0,2010,2010
NGTS-26,1,14.89,92.81,2024,2024
Kepler-800,1,2.85,8.5,2016,2016
Kepler-776,1,1.28,2.18,2016,2016
OGLE-2018-BLG-1185L,1,2.83,8.4,2021,2021
OGLE-2019-BLG-0954L,1,12.3,4513.16,2021,2021
Kepler-570,1,2.45,6.57,2016,2016
Kepler-558,1,2.37,6.21,2016,2016
Kepler-519,1,2.1,5.06,2016,2016
TOI-1722,1,4.38,17.6,2026,2026
TOI-2010,1,11.81,408.73,2023,2023
Kepler-1914,1,2.94,8.97,2021,2021
TOI-2092,1,2.95,9.0,2026,2026
TOI-2133,1,2.37,6.21,2026,2026
Kepler-1861,1,2.21,5.5,2021,2021
TOI-2570,1,13.64,260.62,2022,2022
TOI-5160,1,2.4,6.33,2026,2026
Kepler-1836,1,2.55,7.05,2021,2021
TOI-7149,1,13.2,224.0,2025,2025
TrES-5,1,13.38,568.92,2011,2011
WASP-142,1,17.15,266.98,2016,2016
WASP-175,1,13.54,314.65,2019,2019
WASP-2,1,12.12,295.9,2007,2007
WASP-45,1,10.6,306.39,2011,2011
WASP-72,1,14.46,731.01,2012,2012
HD 8326,1,9.58,66.6,2019,2019
DMPP-3 A,1,1.44,2.67,2019,2019
HAT-P-62,1,12.03,241.87,2021,2021
HAT-P-65,1,18.06,176.08,2016,2016
HD 114729,1,13.9,262.21,2002,2002
HD 11505,1,12.6,2510.53,2022,2022
Kepler-1563,1,0.75,0.35,2016,2016
HD 180617,1,3.53,12.21,2018,2018
Kepler-1516,1,1.75,3.71,2016,2016
Kepler-1476,1,1.67,3.43,2016,2016
HD 26161,1,11.9,9045.4,2021,2021
HD 50554,1,12.8,1859.3,2002,2002
HD 60292,1,12.7,2065.9,2020,2020
Kepler-1306,1,1.91,4.31,2016,2016
Kepler-1144,1,1.99,4.62,2016,2016
HS Psc,1,13.6,464.03,2024,2024
K2-115,1,11.8,321.01,2017,2017
K2-167,1,2.37,6.5,2018,2018
K2-212,1,2.65,7.51,2018,2018
K2-278,1,2.98,9.17,2018,2018
K2-397,1,2.42,6.42,2022,2022
K2-71,1,2.15,5.27,2016,2016
K2-9,1,2.25,5.69,2015,2015
Kepler-1136,1,1.64,3.33,2016,2016
KMT-2018-BLG-0748L,1,9.01,60.0,2020,2020
KMT-2019-BLG-0335L,1,12.1,6674.4,2023,2023
KMT-2021-BLG-0736L,1,4.86,21.0,2025,2025
KMT-2023-BLG-1866L,1,1.43,2.63,2024,2024
KMT-2019-BLG-2783L,1,13.7,368.68,2023,2023
HD 103720,1,14.1,197.05,2014,2014
K2-293,1,2.45,6.57,2019,2019
Kepler-1059,1,1.73,3.64,2016,2016
Kepler-1319,1,1.34,2.36,2016,2016
Kepler-1352,1,0.89,0.64,2016,2016
Kepler-1354,1,2.97,9.11,2016,2016
Kepler-1429,1,1.29,2.21,2016,2016
Kepler-1440,1,1.26,2.13,2016,2016
Kepler-1456,1,1.14,1.55,2016,2016
TOI-1442,1,1.17,1.71,2022,2022
HD 28678,1,13.5,490.09,2011,2011
Kepler-1536,1,3.14,10.0,2016,2016
Kepler-1537,1,1.18,1.76,2016,2016
Kepler-1572,1,0.94,0.78,2016,2016
Kepler-1621,1,2.16,5.31,2016,2016
HD 181720,1,14.0,127.13,2009,2009
Kepler-1769,1,4.47,18.2,2021,2021
Kepler-1793,1,3.79,13.8,2021,2021
Kepler-1851,1,3.9,14.5,2021,2021
Kepler-1880,1,2.12,5.13,2021,2021
HATS-11,1,18.03,263.8,2016,2016
GJ 832,1,13.8,314.65,2008,2008
EPIC 201757695,1,0.91,0.69,2020,2020
BD+60 1417,1,14.68,4767.43,2021,2021
BD+15 2940,1,13.7,352.78,2013,2013
81 Cet,1,13.1,1051.06,2008,2008
Kepler-493,1,15.13,,2016,2016
Kepler-532,1,2.57,7.13,2016,2016
2MASS J22362452+4751425,1,12.3,3972.88,2016,2016
Kepler-785,1,13.02,,2016,2016
Kepler-827,1,5.63,27.0,2016,2016
2MASS J01225093-2439505,1,11.21,7786.5,2013,2013
omi CrB,1,13.7,355.97,2012,2012
Kepler-957,1,5.5,25.9,2016,2016
NGTS-16,1,14.57,211.99,2021,2021
NGTS-35,1,10.9,152.0,2025,2025
OGLE-2012-BLG-0724L,1,14.3,150.0,2016,2016
WASP-94 A,1,17.71,158.92,2014,2014
Ross 458,1,14.01,1906.98,2010,2010
TIC 245076932,1,10.87,162.09,2026,2026
TIC 249022743,1,4.8,20.6,2026,2026
TOI-1695,1,1.9,6.36,2022,2022
WASP-34,1,11.21,177.98,2010,2010
TOI-2498,1,6.06,34.62,2023,2023
TOI-3807,1,18.49,330.54,2023,2023
WASP-150,1,11.99,2688.84,2020,2020
TOI-908,1,3.19,16.14,2023,2023
TOI-4747,1,3.96,14.8,2026,2026
TOI-5386 A,1,14.71,155.1,2025,2025
TOI-6034,1,11.92,254.0,2024,2024
TOI-640,1,19.28,181.16,2021,2021
TOI-654,1,2.38,8.71,2024,2024
TOI-674,1,5.25,23.6,2021,2021
WASP-130,1,9.98,390.93,2016,2016
WASP-85 A,1,13.9,402.05,2016,2016
HAT-P-51,1,13.51,97.57,2015,2015
HATS-36,1,12.92,1022.14,2018,2018
TOI-620,1,3.76,13.6,2022,2022
HD 145457,1,13.2,888.01,2010,2010
HD 158996,1,12.3,4449.62,2018,2018
TOI-5502,1,4.13,15.9,2026,2026
TOI-4465,1,14.01,1872.01,2025,2025
HD 95086,1,12.9,1589.0,2013,2013
TOI-3493,1,3.22,8.97,2025,2025
TOI-3362,1,12.8,1598.36,2021,2021
K2-125,1,2.18,5.39,2017,2017
TOI-2719,1,5.98,29.9,2025,2025
TOI-2431,1,1.53,6.2,2026,2026
TOI-1685,1,1.42,3.07,2021,2021
Kepler-819,1,2.76,8.05,2016,2016
KMT-2022-BLG-0371L,1,10.9,82.64,2023,2023
TIC 88785435,1,5.03,22.3,2025,2025
KMT-2024-BLG-0176L,1,14.0,241.55,2026,2026
Kepler-1009,1,2.17,5.35,2016,2016
Kepler-1013,1,2.15,5.27,2016,2016
Kepler-1068,1,3.63,12.8,2016,2016
Kepler-1107,1,1.34,2.36,2016,2016
Kepler-1117,1,1.11,1.41,2016,2016
Kepler-1131,1,1.59,3.15,2016,2016
SPECULOOS-3,1,0.98,0.89,2024,2024
Qatar-9,1,11.31,378.22,2019,2019
Kepler-1270,1,3.32,11.0,2016,2016
Kepler-1277,1,1.6,3.19,2016,2016
Kepler-1428,1,1.64,3.33,2016,2016
Kepler-1490,1,3.04,9.48,2016,2016
Kepler-1515,1,9.55,66.2,2016,2016
Kepler-1528,1,1.46,2.73,2016,2016
Kepler-1549,1,2.57,7.13,2016,2016
Kepler-1569,1,1.68,3.46,2016,2016
Kepler-17,1,14.68,778.65,2011,2011
Kepler-1713,1,1.72,3.59,2021,2021
Kepler-1905,1,1.45,2.69,2021,2021
Kepler-1986,1,1.89,4.23,2023,2023
Qatar-7,1,19.06,597.52,2019,2019
OGLE-2017-BLG-1099L,1,13.1,959.84,2021,2021
Kepler-98,1,1.99,3.55,2014,2014
Kepler-481,1,2.5,6.8,2016,2016
Kepler-536,1,3.1,9.8,2016,2016
Kepler-571,1,2.64,7.46,2016,2016
Kepler-950,1,8.98,59.6,2016,2016
Kepler-670,1,13.18,,2016,2016
Kepler-77,1,10.76,136.66,2013,2013
Kepler-852,1,2.54,6.99,2016,2016
Kepler-853,1,1.69,3.5,2016,2016
Kepler-973,1,1.96,4.5,2016,2016
Kepler-986,1,2.36,6.17,2016,2016
MOA-2020-BLG-135L,1,3.37,11.3,2022,2022
TOI-1226,1,2.41,6.39,2026,2026
TOI-1244,1,2.47,6.6,2024,2024
Kepler-906,1,2.11,5.1,2016,2016
Kepler-877,1,2.12,5.14,2016,2016
Kepler-597,1,2.37,6.21,2016,2016
TOI-2485,1,12.14,766.6,2024,2024
TOI-257,1,7.16,43.86,2021,2021
TOI-5007,1,11.07,211.04,2026,2026
TOI-5532,1,2.53,6.93,2026,2026
TOI-5800,1,2.46,9.5,2025,2025
WASP-178,1,20.29,527.6,2019,2019
WASP-26,1,13.56,270.16,2010,2010
WASP-33,1,17.86,665.22,2010,2010
EPIC 228836835,1,1.1,1.37,2021,2021
GJ 3942,1,2.57,7.14,2017,2017
HAT-P-32,1,22.19,216.12,2011,2011
HAT-P-34,1,13.42,1058.37,2011,2011
HAT-P-52,1,11.31,259.98,2015,2015
HATS-45,1,14.41,222.48,2018,2018
HATS-67,1,18.89,460.85,2018,2018
HD 103197,1,5.83,28.6,2009,2009
HD 128356,1,13.9,282.87,2016,2016
Kepler-714,1,9.67,67.6,2016,2016
HD 211403,1,12.8,1760.77,2021,2021
Kepler-665,1,2.6,7.27,2016,2016
Kepler-637,1,4.75,20.2,2016,2016
HD 6860,1,11.9,8981.83,2023,2023
HD 98736,1,13.3,740.54,2018,2018
Kepler-1386,1,1.24,2.07,2016,2016
K2-197,1,2.56,7.08,2018,2018
K2-220,1,2.37,6.21,2018,2018
K2-246,1,3.49,12.0,2018,2018
K2-279,1,1.21,1.92,2018,2018
K2-353,1,5.55,26.3,2021,2021
KELT-7,1,17.93,441.78,2015,2015
KMT-2016-BLG-0212L,1,12.2,5700.0,2018,2018
KMT-2019-BLG-1806L,1,2.0,4.67,2023,2023
Kepler-1004,1,6.28,32.5,2016,2016
Kepler-1030,1,2.48,6.71,2016,2016
Kepler-1062,1,1.76,3.75,2016,2016
Kepler-1063,1,1.49,2.83,2016,2016
Kepler-1091,1,1.46,2.73,2016,2016
Kepler-1119,1,1.92,4.35,2016,2016
Kepler-1121,1,1.91,4.31,2016,2016
Kepler-1187,1,2.61,7.32,2016,2016
Kepler-1234,1,2.81,8.3,2016,2016
Kepler-1283,1,1.91,4.31,2016,2016
Kepler-1285,1,0.97,0.87,2016,2016
Kepler-1335,1,1.45,2.7,2016,2016
Kepler-1390,1,1.18,1.76,2016,2016
Kepler-1442,1,3.93,14.7,2016,2016
Kepler-1519,1,7.06,39.6,2016,2016
Kepler-1590,1,1.14,1.55,2016,2016
Kepler-1596,1,1.9,4.27,2016,2016
Kepler-1699,1,1.57,3.08,2020,2020
Kepler-1709,1,3.12,9.93,2021,2021
Kepler-1751,1,1.82,3.98,2021,2021
Kepler-1828,1,2.12,5.13,2021,2021
Kepler-1951,1,2.32,6.0,2021,2021
Kepler-573,1,2.79,8.2,2016,2016
Kepler-572,1,2.58,7.18,2016,2016
Kepler-463,1,3.05,9.53,2016,2016
Kepler-438,1,1.12,1.46,2015,2015
Kepler-1920,1,2.95,9.03,2021,2021
Kepler-565,1,3.64,12.9,2016,2016
Kepler-591,1,3.39,11.4,2016,2016
Kepler-617,1,1.32,2.3,2016,2016
Kepler-621,1,2.3,5.9,2016,2016
Kepler-63,1,6.11,120.0,2013,2013
Kepler-644,1,3.15,10.1,2016,2016
Kepler-1696,1,2.81,8.29,2020,2020
Kepler-829,1,2.11,5.1,2016,2016
Kepler-1682,1,2.89,8.7,2020,2020
Kepler-890,1,8.89,58.6,2016,2016
Kepler-1415,1,1.29,2.21,2016,2016
Kepler-992,1,1.62,3.26,2016,2016
OGLE-2016-BLG-1067L,1,14.3,140.0,2019,2019
TOI-1221,1,2.91,1112.4,2023,2023
TOI-1291,1,5.64,27.1,2026,2026
TOI-1820,1,12.78,731.01,2022,2022
TOI-1860,1,1.31,2.27,2022,2022
TOI-2654,1,7.94,48.4,2026,2026
Kepler-1387,1,0.93,0.75,2016,2016
TOI-4405,1,2.56,7.06,2026,2026
TOI-4940,1,6.61,89.0,2025,2025
TOI-5238,1,5.22,23.7,2022,2022
TOI-532,1,5.82,61.5,2021,2021
TOI-5344,1,10.6,130.95,2023,2023
TOI-5786,1,8.54,73.0,2025,2025
TOI-813,1,6.71,36.4,2020,2020
WASP-136,1,16.81,479.92,2016,2016
Wolf 503,1,2.04,6.26,2018,2018
bet UMi,1,12.7,1938.7,2014,2014
HD 38801,1,12.5,3082.32,2009,2009
Kepler-1248,1,1.18,1.76,2016,2016
Kepler-1231,1,1.42,2.6,2016,2016
GJ 3634,1,2.83,8.4,2010,2010
Gaia-2,1,14.82,259.67,2022,2022
HAT-P-12,1,10.75,67.06,2009,2009
HD 115954,1,12.6,2685.65,2021,2021
HD 154088,1,2.46,6.6,2021,2021
HD 190007,1,4.06,15.5,2020,2020
HD 36384,1,12.7,2097.67,2023,2023
Kepler-1197,1,1.25,2.1,2016,2016
HD 97658,1,2.12,8.3,2010,2010
K2-114,1,10.59,638.84,2017,2017
K2-12,1,2.44,5.2,2015,2015
K2-244,1,1.75,3.71,2018,2018
K2-320,1,2.62,7.37,2020,2020
K2-55,1,4.43,44.0,2016,2016
K2-68,1,1.58,3.12,2016,2016
KELT-17,1,17.09,416.36,2016,2016
Kapteyn,1,2.54,7.0,2014,2014
Kepler-1003,1,1.78,3.82,2016,2016
Kepler-1034,1,2.26,5.73,2016,2016
Kepler-1087,1,0.61,0.17,2016,2016
Kepler-1142,1,1.47,2.76,2016,2016
Kepler-1120,1,1.38,2.48,2016,2016
Kepler-1290,1,1.42,2.6,2016,2016
Kepler-1302,1,1.43,2.63,2016,2016
Kepler-1305,1,1.88,4.19,2016,2016
Kepler-1389,1,1.77,3.78,2016,2016
Kepler-1447,1,2.9,8.75,2016,2016
Kepler-1509,1,1.85,4.08,2016,2016
Kepler-1547,1,0.9,0.67,2016,2016
Kepler-1611,1,0.81,0.46,2016,2016
Kepler-1128,1,3.65,12.9,2016,2016
Kepler-1692,1,1.11,1.42,2020,2020
Kepler-1702,1,1.6,3.2,2020,2020
Kepler-1799,1,4.13,15.9,2021,2021
Kepler-1911,1,1.01,1.01,2021,2021
Kepler-1931,1,2.65,7.53,2021,2021
Kepler-1955,1,1.17,1.69,2021,2021
Kepler-1967,1,0.73,0.32,2021,2021
Kepler-1011,1,2.87,8.6,2016,2016
Kepler-1010,1,2.32,5.99,2016,2016
KMT-2016-BLG-1836L,1,13.3,700.0,2019,2019
Kepler-475,1,2.49,6.76,2016,2016
Kepler-523,1,1.96,4.5,2016,2016
Kepler-584,1,4.21,16.5,2016,2016
Kepler-626,1,2.29,5.86,2016,2016
K2-392,1,1.85,4.08,2022,2022
Kepler-757,1,1.36,2.42,2016,2016
Kepler-868,1,2.05,4.86,2016,2016
Kepler-914,1,1.38,2.48,2016,2016
K2-39,1,6.28,28.6,2016,2016
Kepler-952,1,7.65,45.4,2016,2016
Kepler-96,1,2.67,8.46,2014,2014
NGTS-11,1,9.16,109.33,2020,2020
TIC 445839811,1,2.48,6.7,2026,2026
TIC 88692598,1,1.81,3.94,2026,2026
TOI-1437,1,2.24,9.6,2024,2024
K2-385,1,1.54,2.98,2022,2022
TOI-2094,1,1.9,4.27,2026,2026
TOI-269,1,2.77,8.8,2021,2021
TOI-3593,1,11.03,565.73,2025,2025
TOI-4184,1,2.43,6.48,2023,2023
TOI-7333,1,2.09,5.04,2026,2026
TOI-905,1,13.13,211.99,2020,2020
WASP-120,1,15.58,1541.48,2016,2016
WASP-138,1,12.22,387.75,2016,2016
WASP-144,1,9.53,139.85,2018,2018
HATS-22,1,10.68,870.85,2017,2017
WASP-91,1,11.55,425.89,2017,2017
eps CrB,1,12.7,2129.46,2012,2012
2MASS J21252752-8138278,1,12.4,3813.94,2024,2024
GJ 1289,1,2.38,6.27,2024,2024
HAT-P-64,1,19.09,184.34,2021,2021
HD 16141,1,10.9,82.64,2000,2000
HD 179949,1,13.9,291.12,2000,2000
HD 187085,1,13.9,265.71,2006,2006
HD 216437,1,13.0,1334.88,2002,2002
HD 2685,1,16.14,371.86,2019,2019
HD 30856,1,13.5,491.68,2011,2011
HD 331093,1,13.6,476.74,2021,2021
HD 88133,1,13.8,324.19,2004,2004
HIP 19976,1,4.94,21.61,2022,2022
K2-102,1,1.3,2.24,2016,2016
HD 195019,1,13.0,1264.96,1998,1998
K2-356,1,2.29,5.86,2021,2021
K2-370,1,2.67,11.1,2022,2022
K2-415,1,1.01,7.5,2023,2023
KMT-2017-BLG-0165L,1,6.45,34.0,2018,2018
KMT-2024-BLG-2005L,1,8.18,50.85,2026,2026
Kepler-1041,1,2.94,8.96,2016,2016
Kepler-1083,1,3.36,11.2,2016,2016
Kepler-1103,1,2.27,5.77,2016,2016
Kepler-1138,1,1.7,3.53,2016,2016
Kepler-1199,1,1.15,1.6,2016,2016
HD 190984,1,13.0,1137.83,2009,2009
Kepler-1215,1,1.22,1.98,2016,2016
Kepler-1252,1,1.67,3.43,2016,2016
Kepler-1268,1,2.03,4.78,2016,2016
Kepler-1332,1,1.37,2.45,2016,2016
Kepler-1375,1,1.74,3.68,2016,2016
Kepler-1380,1,1.43,2.63,2016,2016
Kepler-1437,1,1.37,2.45,2016,2016
HD 183579,1,3.49,20.4,2021,2021
Kepler-1527,1,4.77,20.4,2016,2016
Kepler-1576,1,1.04,1.12,2016,2016
Kepler-1625,1,6.06,30.6,2016,2016
Kepler-1643,1,2.32,5.99,2016,2016
Kepler-1673,1,2.94,8.93,2020,2020
Kepler-1689,1,0.95,0.8,2020,2020
Kepler-1728,1,2.96,9.04,2021,2021
Kepler-1747,1,4.27,16.8,2021,2021
HD 1666,1,12.7,2040.0,2015,2015
Kepler-1947,1,1.01,1.01,2021,2021
Kepler-21,1,1.64,7.5,2012,2012
Kepler-22,1,2.1,9.1,2011,2011
Kepler-45,1,10.76,160.5,2011,2011
Kepler-489,1,7.72,46.1,2016,2016
Kepler-518,1,2.11,5.1,2016,2016
Kepler-613,1,2.29,5.86,2016,2016
Kepler-654,1,2.07,4.94,2016,2016
Kepler-775,1,1.19,1.81,2016,2016
Kepler-832,1,2.06,4.9,2016,2016
Kepler-902,1,2.54,6.99,2016,2016
Kepler-959,1,4.38,17.6,2016,2016
TOI-1181,1,17.03,374.72,2022,2022
TOI-1451,1,2.61,15.2,2024,2024
TOI-2128,1,2.09,4.5,2024,2024
TOI-3540 A,1,23.54,375.04,2022,2022
TOI-3896,1,3.15,10.1,2026,2026
TOI-3984 A,1,7.9,44.0,2023,2023
TOI-4479,1,2.82,8.35,2022,2022
TOI-5319,1,2.83,8.4,2024,2024
TOI-6002,1,1.65,3.36,2024,2024
USco1556 A,1,12.3,4767.45,2019,2019
WASP-156,1,6.03,41.8,2017,2017
WASP-31,1,17.36,151.92,2010,2010
WASP-60,1,9.86,174.81,2012,2012
8 UMi,1,13.5,524.42,2015,2015
EPIC 211945201,1,5.76,11.0,2018,2018
GJ 179,1,13.8,301.94,2009,2009
GJ 480,1,2.91,8.8,2020,2020
HAT-P-18,1,11.15,62.61,2010,2010
HAT-P-30,1,16.14,263.8,2011,2011
HATS-5,1,10.22,75.32,2014,2014
HD 104985,1,12.8,1766.81,2003,2003
HD 142415,1,13.5,530.78,2003,2003
HD 155193,1,14.0,238.37,2021,2021
HD 178911 B,1,12.6,2552.17,2001,2001
HD 192699,1,13.4,666.17,2007,2007
HD 25723,1,13.3,794.57,2020,2020
HD 52265,1,13.7,384.57,2000,2000
K2-203,1,1.27,2.14,2018,2018
K2-213,1,1.51,2.9,2018,2018
K2-227,1,1.67,3.41,2018,2018
K2-281,1,8.18,50.9,2018,2018
K2-324,1,2.43,6.48,2020,2020
K2-377,1,1.69,3.51,2022,2022
K2-386,1,2.32,5.99,2022,2022
K2-47,1,1.89,4.23,2016,2016
KMT-2016-BLG-2605L,1,14.0,245.05,2021,2021
KMT-2019-BLG-0842L,1,3.19,10.28,2020,2020
Kepler-1054,1,2.63,7.41,2016,2016
Kepler-1060,1,2.38,6.26,2016,2016
Kepler-1124,1,1.28,2.18,2016,2016
Kepler-1255,1,2.32,5.99,2016,2016
Kepler-1406,1,1.1,1.37,2016,2016
Kepler-1474,1,2.16,5.31,2016,2016
Kepler-1483,1,1.52,2.92,2016,2016
Kepler-1552,1,2.47,6.66,2016,2016
Kepler-1562,1,3.55,12.3,2016,2016
HAT-P-38,1,9.25,84.86,2012,2012
Kepler-1767,1,3.01,9.34,2021,2021
Kepler-1785,1,2.7,7.77,2021,2021
Kepler-1980,1,2.21,5.52,2023,2023
HAT-P-68,1,12.02,230.11,2020,2020
Kepler-468,1,13.34,,2016,2016
Kepler-624,1,2.31,5.95,2016,2016
Kepler-652,1,2.49,6.76,2016,2016
Kepler-67,1,2.94,8.96,2013,2013
Kepler-679,1,3.01,9.32,2016,2016
Kepler-850,1,1.78,3.82,2016,2016
Kepler-931,1,1.33,2.33,2016,2016
Oph 11,1,12.3,4449.62,2006,2006
TIC 32032563,1,3.48,11.9,2026,2026
TIC 34085383,1,3.92,14.6,2026,2026
TOI-1806,1,3.41,11.5,2024,2024
TOI-2338,1,11.21,1900.61,2023,2023
GJ 3021,1,13.1,1071.04,2000,2000
TOI-2886,1,18.64,444.96,2025,2025
TOI-559,1,12.23,1910.15,2021,2021
WASP-124,1,13.9,190.7,2016,2016
WASP-188,1,14.82,458.63,2025,2025
WASP-82,1,18.16,371.86,2015,2015
GJ 9066,1,9.6,66.74,2020,2020
HAT-P-25,1,12.72,180.85,2010,2010
HATS-28,1,13.38,213.58,2016,2016
HATS-76,1,12.09,835.57,2021,2021
HD 108863,1,13.3,767.24,2011,2011
HD 143361,1,12.9,1382.55,2008,2008
HD 156846,1,12.4,3391.25,2007,2007
HD 188641,1,11.9,9333.03,2022,2022
HD 19615,1,12.6,2701.54,2022,2022
HD 25015,1,12.5,2884.93,2019,2019
HD 3765,1,8.56,54.98,2021,2021
HD 43691,1,13.2,810.47,2007,2007
HIP 12961,1,13.2,114.42,2010,2010
K2-173,1,1.61,3.22,2018,2018
K2-284,1,2.78,8.15,2018,2018
K2-325,1,2.2,5.48,2020,2020
K2-366,1,2.36,6.16,2022,2022
K2-66,1,2.49,21.3,2016,2016
K2-91,1,1.1,1.37,2016,2016
KMT-2016-BLG-1397L,1,12.7,2200.0,2018,2018
Kepler-1084,1,1.11,1.41,2016,2016
Kepler-1304,1,2.29,5.86,2016,2016
Kepler-1379,1,1.3,2.24,2016,2016
Kepler-1382,1,1.88,4.19,2016,2016
Kepler-1384,1,1.94,4.42,2016,2016
Kepler-1444,1,2.18,5.39,2016,2016
Kepler-1546,1,3.13,9.96,2016,2016
Kepler-1593,1,3.17,10.2,2016,2016
Kepler-1982,1,0.77,0.38,2023,2023
Kepler-439,1,2.24,5.65,2015,2015
Kepler-528,1,2.08,4.98,2016,2016
Kepler-554,1,4.29,17.0,2016,2016
Kepler-61,1,2.15,5.27,2013,2013
Kepler-648,1,3.22,10.5,2016,2016
Kepler-678,1,5.14,23.1,2016,2016
Kepler-683,1,1.97,4.54,2016,2016
Kepler-697,1,4.13,16.0,2016,2016
Kepler-704,1,2.61,7.32,2016,2016
Kepler-8,1,15.87,187.52,2010,2010
Kepler-808,1,1.46,2.73,2016,2016
Kepler-826,1,1.25,2.1,2016,2016
OGLE-2016-BLG-1190L,1,12.3,4253.0,2017,2017
OGLE-2017-BLG-0173L,1,1.62,3.27,2018,2018
OGLE-2018-BLG-0596L,1,3.81,13.93,2019,2019
OGLE-2019-BLG-0299L,1,12.7,1976.89,2021,2021
OGLE-2019-BLG-0960L,1,1.39,2.5,2021,2021
TIC 4672985,1,11.5,4049.13,2024,2024
TOI-2107,1,13.57,263.8,2024,2024
TOI-2194,1,1.99,4.61,2023,2023
TOI-2443,1,2.36,4.8,2023,2023
TOI-2580,1,17.37,200.23,2024,2024
TOI-5292 A,1,12.64,412.86,2026,2026
TOI-5734,1,2.1,9.1,2026,2026
TOI-938,1,4.82,20.8,2026,2026
WASP-127,1,14.69,52.35,2016,2016
K2-400,1,1.16,1.67,2022,2022
